,Date,Bictoin - Tweets
0,2014/04/09,8193
1,2014/04/10,15039
2,2014/04/11,14907
3,2014/04/12,7582
4,2014/04/13,10674
5,2014/04/14,13266
6,2014/04/15,14835
7,2014/04/16,15790
8,2014/04/17,15215
9,2014/04/18,14028
10,2014/04/19,12337
11,2014/04/20,12139
12,2014/04/21,14244
13,2014/04/22,16098
14,2014/04/23,16232
15,2014/04/24,15471
16,2014/04/25,15255
17,2014/04/26,12283
18,2014/04/27,11667
19,2014/04/28,15969
20,2014/04/29,16706
21,2014/04/30,17588
22,2014/05/01,16988
23,2014/05/02,20057
24,2014/05/03,12910
25,2014/05/04,12716
26,2014/05/05,21273
27,2014/05/06,16806
28,2014/05/07,16970
29,2014/05/08,21518
30,2014/05/09,17442
31,2014/05/10,14225
32,2014/05/11,13469
33,2014/05/12,15910
34,2014/05/13,16935
35,2014/05/14,18167
36,2014/05/15,32817
37,2014/05/16,14474
38,2014/05/17,14587
39,2014/05/18,12892
40,2014/05/19,13595
41,2014/05/20,21515
42,2014/05/21,20254
43,2014/05/22,20217
44,2014/05/23,19485
45,2014/05/24,13630
46,2014/05/25,13823
47,2014/05/26,14792
48,2014/05/27,19718
49,2014/05/28,18545
50,2014/05/29,17571
51,2014/05/30,21731
52,2014/05/31,12882
53,2014/06/01,12849
54,2014/06/02,16427
55,2014/06/03,17858
56,2014/06/04,18010
57,2014/06/05,18707
58,2014/06/06,16611
59,2014/06/07,12557
60,2014/06/08,12134
61,2014/06/09,14497
62,2014/06/10,16631
63,2014/06/11,19356
64,2014/06/12,19092
65,2014/06/13,19128
66,2014/06/14,16078
67,2014/06/15,15810
68,2014/06/16,18430
69,2014/06/17,18560
70,2014/06/18,15957
71,2014/06/19,17605
72,2014/06/20,17459
73,2014/06/21,15113
74,2014/06/22,13838
75,2014/06/23,16325
76,2014/06/24,17005
77,2014/06/25,17683
78,2014/06/26,17534
79,2014/06/27,17587
80,2014/06/28,15236
81,2014/06/29,15482
82,2014/06/30,19860
83,2014/07/01,20443
84,2014/07/02,21375
85,2014/07/03,22046
86,2014/07/04,22659
87,2014/07/05,16997
88,2014/07/06,17331
89,2014/07/07,22248
90,2014/07/08,24425
91,2014/07/09,24542
92,2014/07/10,23242
93,2014/07/11,20939
94,2014/07/12,16719
95,2014/07/13,16133
96,2014/07/14,20287
97,2014/07/15,25031
98,2014/07/16,21984
99,2014/07/17,23305
100,2014/07/18,25897
101,2014/07/19,20261
102,2014/07/20,16827
103,2014/07/21,18501
104,2014/07/22,18386
105,2014/07/23,20612
106,2014/07/24,20448
107,2014/07/25,19971
108,2014/07/26,16000
109,2014/07/27,15621
110,2014/07/28,23384
111,2014/07/29,21797
112,2014/07/30,22092
113,2014/07/31,22160
114,2014/08/01,21585
115,2014/08/02,18531
116,2014/08/03,17187
117,2014/08/04,20609
118,2014/08/05,21073
119,2014/08/06,22471
120,2014/08/07,24516
121,2014/08/08,23126
122,2014/08/09,21820
123,2014/08/10,20814
124,2014/08/11,21388
125,2014/08/12,22551
126,2014/08/13,23725
127,2014/08/14,24887
128,2014/08/15,22725
129,2014/08/16,23487
130,2014/08/17,22608
131,2014/08/18,21867
132,2014/08/19,24106
133,2014/08/20,26924
134,2014/08/21,22176
135,2014/08/22,21222
136,2014/08/23,17389
137,2014/08/24,16318
138,2014/08/25,19062
139,2014/08/26,19596
140,2014/08/27,19625
141,2014/08/28,22229
142,2014/08/29,19838
143,2014/08/30,18905
144,2014/08/31,17226
145,2014/09/01,18661
146,2014/09/02,22901
147,2014/09/03,22113
148,2014/09/04,24968
149,2014/09/05,22368
150,2014/09/06,21053
151,2014/09/07,17730
152,2014/09/08,22751
153,2014/09/09,16169
154,2014/09/10,16616
155,2014/09/11,27367
156,2014/09/12,24097
157,2014/09/13,18209
158,2014/09/14,18671
159,2014/09/15,23392
160,2014/09/16,21176
161,2014/09/17,27946
162,2014/09/18,21135
163,2014/09/19,20775
164,2014/09/20,17607
165,2014/09/21,17026
166,2014/09/22,14984
167,2014/09/23,23489
168,2014/09/24,20675
169,2014/09/25,20757
170,2014/09/26,19512
171,2014/09/27,17202
172,2014/09/28,16636
173,2014/09/29,19660
174,2014/09/30,21073
175,2014/10/01,18636
176,2014/10/02,18380
177,2014/10/03,20207
178,2014/10/04,18214
179,2014/10/05,20031
180,2014/10/06,25065
181,2014/10/07,22543
182,2014/10/08,24408
183,2014/10/09,24075
184,2014/10/10,19090
185,2014/10/11,17107
186,2014/10/12,17072
187,2014/10/13,22018
188,2014/10/14,25804
189,2014/10/15,23992
190,2014/10/16,24445
191,2014/10/17,21491
192,2014/10/18,20572
193,2014/10/19,18259
194,2014/10/20,23312
195,2014/10/21,22499
196,2014/10/22,20348
197,2014/10/23,21036
198,2014/10/24,11147
199,2014/10/25,22449
200,2014/10/26,20090
201,2014/10/27,21632
202,2014/10/28,20173
203,2014/10/29,22081
204,2014/10/30,22855
205,2014/10/31,22906
206,2014/11/01,30263
207,2014/11/02,21408
208,2014/11/03,26060
209,2014/11/04,20992
210,2014/11/05,20871
211,2014/11/06,24348
212,2014/11/07,24244
213,2014/11/08,18964
214,2014/11/09,18949
215,2014/11/10,22516
216,2014/11/11,23156
217,2014/11/12,25601
218,2014/11/13,26798
219,2014/11/14,23449
220,2014/11/15,21104
221,2014/11/16,21652
222,2014/11/17,25728
223,2014/11/18,28238
224,2014/11/19,25117
225,2014/11/20,23707
226,2014/11/21,24577
227,2014/11/22,22344
228,2014/11/23,20544
229,2014/11/24,25545
230,2014/11/25,25985
231,2014/11/26,27929
232,2014/11/27,25790
233,2014/11/28,24830
234,2014/11/29,26555
235,2014/11/30,20117
236,2014/12/01,26508
237,2014/12/02,32744
238,2014/12/03,24990
239,2014/12/04,26370
240,2014/12/05,25043
241,2014/12/06,21503
242,2014/12/07,21983
243,2014/12/08,24899
244,2014/12/09,27224
245,2014/12/10,25421
246,2014/12/11,32162
247,2014/12/12,25383
248,2014/12/13,26584
249,2014/12/14,23579
250,2014/12/15,26094
251,2014/12/16,27622
252,2014/12/17,28350
253,2014/12/18,26969
254,2014/12/19,23574
255,2014/12/20,23524
256,2014/12/21,21411
257,2014/12/22,23172
258,2014/12/23,25504
259,2014/12/24,24192
260,2014/12/25,21216
261,2014/12/26,21728
262,2014/12/27,21543
263,2014/12/28,18427
264,2014/12/29,19605
265,2014/12/30,19477
266,2014/12/31,20017
267,2015/01/01,18681
268,2015/01/02,9385
269,2015/01/03,null
270,2015/01/04,7300
271,2015/01/05,23092
272,2015/01/06,25041
273,2015/01/07,26987
274,2015/01/08,22546
275,2015/01/09,30439
276,2015/01/10,22162
277,2015/01/11,20760
278,2015/01/12,24861
279,2015/01/13,30086
280,2015/01/14,35414
281,2015/01/15,26417
282,2015/01/16,26448
283,2015/01/17,19187
284,2015/01/18,24812
285,2015/01/19,27548
286,2015/01/20,26982
287,2015/01/21,24660
288,2015/01/22,25882
289,2015/01/23,24058
290,2015/01/24,32718
291,2015/01/25,21312
292,2015/01/26,33929
293,2015/01/27,26135
294,2015/01/28,27422
295,2015/01/29,25184
296,2015/01/30,22919
297,2015/01/31,18146
298,2015/02/01,19445
299,2015/02/02,24761
300,2015/02/03,33419
301,2015/02/04,22995
302,2015/02/05,28935
303,2015/02/06,23289
304,2015/02/07,19540
305,2015/02/08,20792
306,2015/02/09,24642
307,2015/02/10,24331
308,2015/02/11,39339
309,2015/02/12,25742
310,2015/02/13,27697
311,2015/02/14,19041
312,2015/02/15,21846
313,2015/02/16,24782
314,2015/02/17,24354
315,2015/02/18,22628
316,2015/02/19,24979
317,2015/02/20,29514
318,2015/02/21,20543
319,2015/02/22,20579
320,2015/02/23,23428
321,2015/02/24,24385
322,2015/02/25,24137
323,2015/02/26,26283
324,2015/02/27,30545
325,2015/02/28,20811
326,2015/03/01,18895
327,2015/03/02,23297
328,2015/03/03,25764
329,2015/03/04,25007
330,2015/03/05,24174
331,2015/03/06,22774
332,2015/03/07,19322
333,2015/03/08,19396
334,2015/03/09,23937
335,2015/03/10,28378
336,2015/03/11,25733
337,2015/03/12,24527
338,2015/03/13,25574
339,2015/03/14,21952
340,2015/03/15,24161
341,2015/03/16,24071
342,2015/03/17,36584
343,2015/03/18,24807
344,2015/03/19,31393
345,2015/03/20,26773
346,2015/03/21,23297
347,2015/03/22,27846
348,2015/03/23,34762
349,2015/03/24,31576
350,2015/03/25,35297
351,2015/03/26,37079
352,2015/03/27,36691
353,2015/03/28,31697
354,2015/03/29,31897
355,2015/03/30,38669
356,2015/03/31,35388
357,2015/04/01,34237
358,2015/04/02,29264
359,2015/04/03,30317
360,2015/04/04,27885
361,2015/04/05,29227
362,2015/04/06,29046
363,2015/04/07,29994
364,2015/04/08,37076
365,2015/04/09,37353
366,2015/04/10,28657
367,2015/04/11,27225
368,2015/04/12,25877
369,2015/04/13,29205
370,2015/04/14,30124
371,2015/04/15,28598
372,2015/04/16,34517
373,2015/04/17,28275
374,2015/04/18,25659
375,2015/04/19,26993
376,2015/04/20,28470
377,2015/04/21,32701
378,2015/04/22,30895
379,2015/04/23,30202
380,2015/04/24,35266
381,2015/04/25,25715
382,2015/04/26,36471
383,2015/04/27,39066
384,2015/04/28,31957
385,2015/04/29,30639
386,2015/04/30,29720
387,2015/05/01,27237
388,2015/05/02,25012
389,2015/05/03,27042
390,2015/05/04,29448
391,2015/05/05,27820
392,2015/05/06,29624
393,2015/05/07,27526
394,2015/05/08,25655
395,2015/05/09,23791
396,2015/05/10,31503
397,2015/05/11,32317
398,2015/05/12,30635
399,2015/05/13,30934
400,2015/05/14,31708
401,2015/05/15,42997
402,2015/05/16,32407
403,2015/05/17,32810
404,2015/05/18,34624
405,2015/05/19,34750
406,2015/05/20,30108
407,2015/05/21,27578
408,2015/05/22,29926
409,2015/05/23,27166
410,2015/05/24,27968
411,2015/05/25,30637
412,2015/05/26,34578
413,2015/05/27,29218
414,2015/05/28,23591
415,2015/05/29,24045
416,2015/05/30,23844
417,2015/05/31,24048
418,2015/06/01,27087
419,2015/06/02,28566
420,2015/06/03,34732
421,2015/06/04,76661
422,2015/06/05,28700
423,2015/06/06,27936
424,2015/06/07,26086
425,2015/06/08,46002
426,2015/06/09,43106
427,2015/06/10,26645
428,2015/06/11,52355
429,2015/06/12,36988
430,2015/06/13,21875
431,2015/06/14,46935
432,2015/06/15,28128
433,2015/06/16,84152
434,2015/06/17,35914
435,2015/06/18,38557
436,2015/06/19,28107
437,2015/06/20,25438
438,2015/06/21,23500
439,2015/06/22,27394
440,2015/06/23,28352
441,2015/06/24,36725
442,2015/06/25,26008
443,2015/06/26,23984
444,2015/06/27,23636
445,2015/06/28,25663
446,2015/06/29,40197
447,2015/06/30,33375
448,2015/07/01,29052
449,2015/07/02,27119
450,2015/07/03,25771
451,2015/07/04,23847
452,2015/07/05,24976
453,2015/07/06,36903
454,2015/07/07,29915
455,2015/07/08,36474
456,2015/07/09,30281
457,2015/07/10,29616
458,2015/07/11,24645
459,2015/07/12,26775
460,2015/07/13,42326
461,2015/07/14,50267
462,2015/07/15,38595
463,2015/07/16,35125
464,2015/07/17,29831
465,2015/07/18,25985
466,2015/07/19,25071
467,2015/07/20,36888
468,2015/07/21,30095
469,2015/07/22,44651
470,2015/07/23,33408
471,2015/07/24,28664
472,2015/07/25,21076
473,2015/07/26,15592
474,2015/07/27,30972
475,2015/07/28,33519
476,2015/07/29,37726
477,2015/07/30,33018
478,2015/07/31,27789
479,2015/08/01,26960
480,2015/08/02,24294
481,2015/08/03,35036
482,2015/08/04,34486
483,2015/08/05,31470
484,2015/08/06,35658
485,2015/08/07,47467
486,2015/08/08,29031
487,2015/08/09,27132
488,2015/08/10,27744
489,2015/08/11,26653
490,2015/08/12,29241
491,2015/08/13,31087
492,2015/08/14,30737
493,2015/08/15,28722
494,2015/08/16,24050
495,2015/08/17,37040
496,2015/08/18,28767
497,2015/08/19,28539
498,2015/08/20,36462
499,2015/08/21,39012
500,2015/08/22,34967
501,2015/08/23,27692
502,2015/08/24,34342
503,2015/08/25,37941
504,2015/08/26,33987
505,2015/08/27,34558
506,2015/08/28,39945
507,2015/08/29,14768
508,2015/08/30,32134
509,2015/08/31,35949
510,2015/09/01,37021
511,2015/09/02,39013
512,2015/09/03,42474
513,2015/09/04,36321
514,2015/09/05,29023
515,2015/09/06,35583
516,2015/09/07,38792
517,2015/09/08,46889
518,2015/09/09,16909
519,2015/09/10,37882
520,2015/09/11,38518
521,2015/09/12,32205
522,2015/09/13,40350
523,2015/09/14,16262
524,2015/09/15,20470
525,2015/09/16,45085
526,2015/09/17,33180
527,2015/09/18,31747
528,2015/09/19,39778
529,2015/09/20,65535
530,2015/09/21,59563
531,2015/09/22,82378
532,2015/09/23,42946
533,2015/09/24,46527
534,2015/09/25,41322
535,2015/09/26,41039
536,2015/09/27,30532
537,2015/09/28,35355
538,2015/09/29,40135
539,2015/09/30,43080
540,2015/10/01,41189
541,2015/10/02,35561
542,2015/10/03,49494
543,2015/10/04,33909
544,2015/10/05,32712
545,2015/10/06,39541
546,2015/10/07,38773
547,2015/10/08,35461
548,2015/10/09,30426
549,2015/10/10,29433
550,2015/10/11,27940
551,2015/10/12,34146
552,2015/10/13,31813
553,2015/10/14,28030
554,2015/10/15,37296
555,2015/10/16,36070
556,2015/10/17,31701
557,2015/10/18,25220
558,2015/10/19,35703
559,2015/10/20,42914
560,2015/10/21,38896
561,2015/10/22,44027
562,2015/10/23,37326
563,2015/10/24,36013
564,2015/10/25,30139
565,2015/10/26,37096
566,2015/10/27,50484
567,2015/10/28,45782
568,2015/10/29,45960
569,2015/10/30,32577
570,2015/10/31,35257
571,2015/11/01,31402
572,2015/11/02,35962
573,2015/11/03,42652
574,2015/11/04,54768
575,2015/11/05,51405
576,2015/11/06,43351
577,2015/11/07,36433
578,2015/11/08,39567
579,2015/11/09,45103
580,2015/11/10,43853
581,2015/11/11,34774
582,2015/11/12,38371
583,2015/11/13,35364
584,2015/11/14,30226
585,2015/11/15,32216
586,2015/11/16,35757
587,2015/11/17,36957
588,2015/11/18,40387
589,2015/11/19,32915
590,2015/11/20,33652
591,2015/11/21,25295
592,2015/11/22,17983
593,2015/11/23,21268
594,2015/11/24,20427
595,2015/11/25,27288
596,2015/11/26,24681
597,2015/11/27,25861
598,2015/11/28,25749
599,2015/11/29,24219
600,2015/11/30,26261
601,2015/12/01,25143
602,2015/12/02,23887
603,2015/12/03,23460
604,2015/12/04,22066
605,2015/12/05,22531
606,2015/12/06,22728
607,2015/12/07,25413
608,2015/12/08,24716
609,2015/12/09,33862
610,2015/12/10,25232
611,2015/12/11,26210
612,2015/12/12,23062
613,2015/12/13,21459
614,2015/12/14,32070
615,2015/12/15,28842
616,2015/12/16,27652
617,2015/12/17,23729
618,2015/12/18,24189
619,2015/12/19,21372
620,2015/12/20,19855
621,2015/12/21,24803
622,2015/12/22,25707
623,2015/12/23,26011
624,2015/12/24,23679
625,2015/12/25,21240
626,2015/12/26,21795
627,2015/12/27,32284
628,2015/12/28,31890
629,2015/12/29,24417
630,2015/12/30,26654
631,2015/12/31,24012
632,2016/01/01,20122
633,2016/01/02,19715
634,2016/01/03,19638
635,2016/01/04,23308
636,2016/01/05,27207
637,2016/01/06,24615
638,2016/01/07,24700
639,2016/01/08,26040
640,2016/01/09,20585
641,2016/01/10,20755
642,2016/01/11,23867
643,2016/01/12,27110
644,2016/01/13,27094
645,2016/01/14,25568
646,2016/01/15,31035
647,2016/01/16,28097
648,2016/01/17,25408
649,2016/01/18,29308
650,2016/01/19,24617
651,2016/01/20,29720
652,2016/01/21,29595
653,2016/01/22,27533
654,2016/01/23,23029
655,2016/01/24,22635
656,2016/01/25,25172
657,2016/01/26,26057
658,2016/01/27,28379
659,2016/01/28,26070
660,2016/01/29,29331
661,2016/01/30,25049
662,2016/01/31,27728
663,2016/02/01,29309
664,2016/02/02,26458
665,2016/02/03,27023
666,2016/02/04,26103
667,2016/02/05,26621
668,2016/02/06,23929
669,2016/02/07,24021
670,2016/02/08,27363
671,2016/02/09,25751
672,2016/02/10,28230
673,2016/02/11,29630
674,2016/02/12,28064
675,2016/02/13,25543
676,2016/02/14,25283
677,2016/02/15,27181
678,2016/02/16,27923
679,2016/02/17,29153
680,2016/02/18,24986
681,2016/02/19,27889
682,2016/02/20,23050
683,2016/02/21,25424
684,2016/02/22,25239
685,2016/02/23,28499
686,2016/02/24,27169
687,2016/02/25,28753
688,2016/02/26,30726
689,2016/02/27,24902
690,2016/02/28,28161
691,2016/02/29,28270
692,2016/03/01,25668
693,2016/03/02,27957
694,2016/03/03,31442
695,2016/03/04,30294
696,2016/03/05,28045
697,2016/03/06,24747
698,2016/03/07,29486
699,2016/03/08,27850
700,2016/03/09,28142
701,2016/03/10,30719
702,2016/03/11,29704
703,2016/03/12,28068
704,2016/03/13,28299
705,2016/03/14,28751
706,2016/03/15,30661
707,2016/03/16,33113
708,2016/03/17,30033
709,2016/03/18,25976
710,2016/03/19,27011
711,2016/03/20,22064
712,2016/03/21,25353
713,2016/03/22,25184
714,2016/03/23,23845
715,2016/03/24,22710
716,2016/03/25,22593
717,2016/03/26,20187
718,2016/03/27,19044
719,2016/03/28,23045
720,2016/03/29,31699
721,2016/03/30,35672
722,2016/03/31,24191
723,2016/04/01,24472
724,2016/04/02,21507
725,2016/04/03,21378
726,2016/04/04,24516
727,2016/04/05,26914
728,2016/04/06,23270
729,2016/04/07,23407
730,2016/04/08,24554
731,2016/04/09,19399
732,2016/04/10,19193
733,2016/04/11,23919
734,2016/04/12,23252
735,2016/04/13,23243
736,2016/04/14,24938
737,2016/04/15,27593
738,2016/04/16,20857
739,2016/04/17,19395
740,2016/04/18,21989
741,2016/04/19,22642
742,2016/04/20,22973
743,2016/04/21,23282
744,2016/04/22,24241
745,2016/04/23,25236
746,2016/04/24,30727
747,2016/04/25,28861
748,2016/04/26,26206
749,2016/04/27,28009
750,2016/04/28,26142
751,2016/04/29,26067
752,2016/04/30,22785
753,2016/05/01,22113
754,2016/05/02,44092
755,2016/05/03,34902
756,2016/05/04,28567
757,2016/05/05,27508
758,2016/05/06,24738
759,2016/05/07,21334
760,2016/05/08,20478
761,2016/05/09,23092
762,2016/05/10,23402
763,2016/05/11,21597
764,2016/05/12,22343
765,2016/05/13,23638
766,2016/05/14,19355
767,2016/05/15,19527
768,2016/05/16,21419
769,2016/05/17,21242
770,2016/05/18,21130
771,2016/05/19,21055
772,2016/05/20,21015
773,2016/05/21,18208
774,2016/05/22,20846
775,2016/05/23,25025
776,2016/05/24,25558
777,2016/05/25,25514
778,2016/05/26,25096
779,2016/05/27,22418
780,2016/05/28,20785
781,2016/05/29,21179
782,2016/05/30,23116
783,2016/05/31,22168
784,2016/06/01,24322
785,2016/06/02,25664
786,2016/06/03,25989
787,2016/06/04,22507
788,2016/06/05,24256
789,2016/06/06,25168
790,2016/06/07,25479
791,2016/06/08,25213
792,2016/06/09,23455
793,2016/06/10,23436
794,2016/06/11,20546
795,2016/06/12,25917
796,2016/06/13,27242
797,2016/06/14,23970
798,2016/06/15,24561
799,2016/06/16,26795
800,2016/06/17,26724
801,2016/06/18,20862
802,2016/06/19,20799
803,2016/06/20,27198
804,2016/06/21,27064
805,2016/06/22,25119
806,2016/06/23,24183
807,2016/06/24,26403
808,2016/06/25,20205
809,2016/06/26,20500
810,2016/06/27,23913
811,2016/06/28,23816
812,2016/06/29,23872
813,2016/06/30,23132
814,2016/07/01,23027
815,2016/07/02,23595
816,2016/07/03,20287
817,2016/07/04,21181
818,2016/07/05,22046
819,2016/07/06,23770
820,2016/07/07,23909
821,2016/07/08,23469
822,2016/07/09,25041
823,2016/07/10,20364
824,2016/07/11,22699
825,2016/07/12,22223
826,2016/07/13,22998
827,2016/07/14,21544
828,2016/07/15,20434
829,2016/07/16,18987
830,2016/07/17,19456
831,2016/07/18,21330
832,2016/07/19,23226
833,2016/07/20,22621
834,2016/07/21,20837
835,2016/07/22,20712
836,2016/07/23,18351
837,2016/07/24,18766
838,2016/07/25,22664
839,2016/07/26,23499
840,2016/07/27,21902
841,2016/07/28,23727
842,2016/07/29,20354
843,2016/07/30,17310
844,2016/07/31,17590
845,2016/08/01,22021
846,2016/08/02,27947
847,2016/08/03,33437
848,2016/08/04,25150
849,2016/08/05,25115
850,2016/08/06,20484
851,2016/08/07,20769
852,2016/08/08,24232
853,2016/08/09,24435
854,2016/08/10,30224
855,2016/08/11,23497
856,2016/08/12,25008
857,2016/08/13,21026
858,2016/08/14,24566
859,2016/08/15,25180
860,2016/08/16,23549
861,2016/08/17,22643
862,2016/08/18,20849
863,2016/08/19,18562
864,2016/08/20,14687
865,2016/08/21,14412
866,2016/08/22,18821
867,2016/08/23,18812
868,2016/08/24,19302
869,2016/08/25,20127
870,2016/08/26,19606
871,2016/08/27,15956
872,2016/08/28,17112
873,2016/08/29,22110
874,2016/08/30,18322
875,2016/08/31,17456
876,2016/09/01,18373
877,2016/09/02,20605
878,2016/09/03,16664
879,2016/09/04,16972
880,2016/09/05,23183
881,2016/09/06,35065
882,2016/09/07,23060
883,2016/09/08,19731
884,2016/09/09,19091
885,2016/09/10,18701
886,2016/09/11,16124
887,2016/09/12,18821
888,2016/09/13,20868
889,2016/09/14,20554
890,2016/09/15,21820
891,2016/09/16,20588
892,2016/09/17,17201
893,2016/09/18,13717
894,2016/09/19,13913
895,2016/09/20,26427
896,2016/09/21,18606
897,2016/09/22,18260
898,2016/09/23,19726
899,2016/09/24,17748
900,2016/09/25,17984
901,2016/09/26,20210
902,2016/09/27,20912
903,2016/09/28,19750
904,2016/09/29,21230
905,2016/09/30,17676
906,2016/10/01,17285
907,2016/10/02,16869
908,2016/10/03,22770
909,2016/10/04,20191
910,2016/10/05,19102
911,2016/10/06,19174
912,2016/10/07,21247
913,2016/10/08,18265
914,2016/10/09,17597
915,2016/10/10,19079
916,2016/10/11,20605
917,2016/10/12,19254
918,2016/10/13,17289
919,2016/10/14,17479
920,2016/10/15,20593
921,2016/10/16,18498
922,2016/10/17,18689
923,2016/10/18,17940
924,2016/10/19,20522
925,2016/10/20,17281
926,2016/10/21,15145
927,2016/10/22,13770
928,2016/10/23,14832
929,2016/10/24,18801
930,2016/10/25,15756
931,2016/10/26,17995
932,2016/10/27,19247
933,2016/10/28,19798
934,2016/10/29,18463
935,2016/10/30,19812
936,2016/10/31,23052
937,2016/11/01,21499
938,2016/11/02,20959
939,2016/11/03,20253
940,2016/11/04,18517
941,2016/11/05,17653
942,2016/11/06,20121
943,2016/11/07,22734
944,2016/11/08,22954
945,2016/11/09,24370
946,2016/11/10,20972
947,2016/11/11,19923
948,2016/11/12,17540
949,2016/11/13,19573
950,2016/11/14,22700
951,2016/11/15,23129
952,2016/11/16,23016
953,2016/11/17,22943
954,2016/11/18,22105
955,2016/11/19,20995
956,2016/11/20,17894
957,2016/11/21,22770
958,2016/11/22,22500
959,2016/11/23,21827
960,2016/11/24,21061
961,2016/11/25,20433
962,2016/11/26,19734
963,2016/11/27,19864
964,2016/11/28,22289
965,2016/11/29,21602
966,2016/11/30,21457
967,2016/12/01,21117
968,2016/12/02,20335
969,2016/12/03,16186
970,2016/12/04,16345
971,2016/12/05,18558
972,2016/12/06,20236
973,2016/12/07,21592
974,2016/12/08,21302
975,2016/12/09,19749
976,2016/12/10,18331
977,2016/12/11,16070
978,2016/12/12,18775
979,2016/12/13,20749
980,2016/12/14,21101
981,2016/12/15,19341
982,2016/12/16,19242
983,2016/12/17,18364
984,2016/12/18,18930
985,2016/12/19,25718
986,2016/12/20,22945
987,2016/12/21,25531
988,2016/12/22,27288
989,2016/12/23,29448
990,2016/12/24,22045
991,2016/12/25,17925
992,2016/12/26,19894
993,2016/12/27,22525
994,2016/12/28,24151
995,2016/12/29,22502
996,2016/12/30,18971
997,2016/12/31,18483
998,2017/01/01,21071
999,2017/01/02,26461
1000,2017/01/03,27269
1001,2017/01/04,31611
1002,2017/01/05,33407
1003,2017/01/06,29065
1004,2017/01/07,22717
1005,2017/01/08,19595
1006,2017/01/09,23277
1007,2017/01/10,22918
1008,2017/01/11,29228
1009,2017/01/12,30387
1010,2017/01/13,28785
1011,2017/01/14,22367
1012,2017/01/15,22232
1013,2017/01/16,24103
1014,2017/01/17,25648
1015,2017/01/18,26491
1016,2017/01/19,27848
1017,2017/01/20,23365
1018,2017/01/21,20833
1019,2017/01/22,20816
1020,2017/01/23,24809
1021,2017/01/24,28304
1022,2017/01/25,27278
1023,2017/01/26,24366
1024,2017/01/27,23178
1025,2017/01/28,21300
1026,2017/01/29,20789
1027,2017/01/30,27170
1028,2017/01/31,23711
1029,2017/02/01,22600
1030,2017/02/02,23547
1031,2017/02/03,26694
1032,2017/02/04,27112
1033,2017/02/05,23530
1034,2017/02/06,29026
1035,2017/02/07,30138
1036,2017/02/08,26445
1037,2017/02/09,27886
1038,2017/02/10,26096
1039,2017/02/11,26759
1040,2017/02/12,27211
1041,2017/02/13,24621
1042,2017/02/14,27568
1043,2017/02/15,26945
1044,2017/02/16,24357
1045,2017/02/17,26355
1046,2017/02/18,21344
1047,2017/02/19,19946
1048,2017/02/20,26113
1049,2017/02/21,25187
1050,2017/02/22,26751
1051,2017/02/23,27929
1052,2017/02/24,37286
1053,2017/02/25,24005
1054,2017/02/26,27326
1055,2017/02/27,24703
1056,2017/02/28,23501
1057,2017/03/01,25248
1058,2017/03/02,28277
1059,2017/03/03,31848
1060,2017/03/04,24535
1061,2017/03/05,22507
1062,2017/03/06,29476
1063,2017/03/07,31214
1064,2017/03/08,28463
1065,2017/03/09,29362
1066,2017/03/10,36952
1067,2017/03/11,30193
1068,2017/03/12,26226
1069,2017/03/13,27414
1070,2017/03/14,27110
1071,2017/03/15,25560
1072,2017/03/16,26412
1073,2017/03/17,28612
1074,2017/03/18,25964
1075,2017/03/19,26859
1076,2017/03/20,30480
1077,2017/03/21,29659
1078,2017/03/22,32507
1079,2017/03/23,39969
1080,2017/03/24,30279
1081,2017/03/25,29728
1082,2017/03/26,23985
1083,2017/03/27,25216
1084,2017/03/28,26462
1085,2017/03/29,24593
1086,2017/03/30,25723
1087,2017/03/31,24542
1088,2017/04/01,21680
1089,2017/04/02,21011
1090,2017/04/03,25315
1091,2017/04/04,26979
1092,2017/04/05,28967
1093,2017/04/06,28251
1094,2017/04/07,29445
1095,2017/04/08,23272
1096,2017/04/09,22661
1097,2017/04/10,26562
1098,2017/04/11,28441
1099,2017/04/12,29250
1100,2017/04/13,27278
1101,2017/04/14,25953
1102,2017/04/15,22135
1103,2017/04/16,23562
1104,2017/04/17,28015
1105,2017/04/18,28770
1106,2017/04/19,26629
1107,2017/04/20,29974
1108,2017/04/21,28206
1109,2017/04/22,27203
1110,2017/04/23,25203
1111,2017/04/24,29644
1112,2017/04/25,33008
1113,2017/04/26,29463
1114,2017/04/27,32051
1115,2017/04/28,28213
1116,2017/04/29,25838
1117,2017/04/30,27459
1118,2017/05/01,34936
1119,2017/05/02,35501
1120,2017/05/03,31179
1121,2017/05/04,34255
1122,2017/05/05,29857
1123,2017/05/06,25032
1124,2017/05/07,26713
1125,2017/05/08,29244
1126,2017/05/09,44121
1127,2017/05/10,40934
1128,2017/05/11,35505
1129,2017/05/12,35985
1130,2017/05/13,33174
1131,2017/05/14,40474
1132,2017/05/15,32997
1133,2017/05/16,35688
1134,2017/05/17,33543
1135,2017/05/18,33534
1136,2017/05/19,34239
1137,2017/05/20,32852
1138,2017/05/21,34900
1139,2017/05/22,44720
1140,2017/05/23,48940
1141,2017/05/24,47492
1142,2017/05/25,51057
1143,2017/05/26,49914
1144,2017/05/27,39077
1145,2017/05/28,33992
1146,2017/05/29,41046
1147,2017/05/30,41624
1148,2017/05/31,47749
1149,2017/06/01,39409
1150,2017/06/02,35997
1151,2017/06/03,30857
1152,2017/06/04,38571
1153,2017/06/05,38632
1154,2017/06/06,51736
1155,2017/06/07,43821
1156,2017/06/08,37910
1157,2017/06/09,38824
1158,2017/06/10,34849
1159,2017/06/11,36404
1160,2017/06/12,42206
1161,2017/06/13,43501
1162,2017/06/14,41045
1163,2017/06/15,45335
1164,2017/06/16,41470
1165,2017/06/17,35393
1166,2017/06/18,33617
1167,2017/06/19,38427
1168,2017/06/20,41414
1169,2017/06/21,40215
1170,2017/06/22,37617
1171,2017/06/23,42760
1172,2017/06/24,null
1173,2017/06/25,null
1174,2017/06/26,null
1175,2017/06/27,null
1176,2017/06/28,null
1177,2017/06/29,null
1178,2017/06/30,null
1179,2017/07/01,null
1180,2017/07/02,null
1181,2017/07/03,null
1182,2017/07/04,null
1183,2017/07/05,null
1184,2017/07/06,null
1185,2017/07/07,null
1186,2017/07/08,null
1187,2017/07/09,null
1188,2017/07/10,null
1189,2017/07/11,null
1190,2017/07/12,41059
1191,2017/07/13,37788
1192,2017/07/14,36999
1193,2017/07/15,35882
1194,2017/07/16,35044
1195,2017/07/17,42841
1196,2017/07/18,38869
1197,2017/07/19,40774
1198,2017/07/20,42878
1199,2017/07/21,41888
1200,2017/07/22,36424
1201,2017/07/23,36108
1202,2017/07/24,44080
1203,2017/07/25,44885
1204,2017/07/26,47880
1205,2017/07/27,49367
1206,2017/07/28,46138
1207,2017/07/29,35823
1208,2017/07/30,37073
1209,2017/07/31,45510
1210,2017/08/01,52376
1211,2017/08/02,50050
1212,2017/08/03,47758
1213,2017/08/04,47503
1214,2017/08/05,48992
1215,2017/08/06,36187
1216,2017/08/07,46630
1217,2017/08/08,53994
1218,2017/08/09,48611
1219,2017/08/10,45181
1220,2017/08/11,49242
1221,2017/08/12,44387
1222,2017/08/13,47827
1223,2017/08/14,57531
1224,2017/08/15,65447
1225,2017/08/16,53779
1226,2017/08/17,71870
1227,2017/08/18,61067
1228,2017/08/19,51709
1229,2017/08/20,58268
1230,2017/08/21,53402
1231,2017/08/22,59244
1232,2017/08/23,59293
1233,2017/08/24,63067
1234,2017/08/25,58723
1235,2017/08/26,50258
1236,2017/08/27,47358
1237,2017/08/28,53173
1238,2017/08/29,60452
1239,2017/08/30,57072
1240,2017/08/31,58244
1241,2017/09/01,67953
1242,2017/09/02,53177
1243,2017/09/03,49077
1244,2017/09/04,77422
1245,2017/09/05,61290
1246,2017/09/06,57051
1247,2017/09/07,51603
1248,2017/09/08,57797
1249,2017/09/09,54796
1250,2017/09/10,52629
1251,2017/09/11,61659
1252,2017/09/12,64321
1253,2017/09/13,73211
1254,2017/09/14,81128
1255,2017/09/15,78373
1256,2017/09/16,64396
1257,2017/09/17,52831
1258,2017/09/18,73426
1259,2017/09/19,71751
1260,2017/09/20,59979
1261,2017/09/21,61443
1262,2017/09/22,63652
1263,2017/09/23,56876
1264,2017/09/24,55081
1265,2017/09/25,72699
1266,2017/09/26,61973
1267,2017/09/27,65959
1268,2017/09/28,70657
1269,2017/09/29,76874
1270,2017/09/30,56280
1271,2017/10/01,58917
1272,2017/10/02,66945
1273,2017/10/03,70772
1274,2017/10/04,76296
1275,2017/10/05,61290
1276,2017/10/06,68406
1277,2017/10/07,76111
1278,2017/10/08,63113
1279,2017/10/09,73002
1280,2017/10/10,79373
1281,2017/10/11,68320
1282,2017/10/12,106779
1283,2017/10/13,99372
1284,2017/10/14,83670
1285,2017/10/15,93320
1286,2017/10/16,77238
1287,2017/10/17,80151
1288,2017/10/18,71392
1289,2017/10/19,85571
1290,2017/10/20,94627
1291,2017/10/21,66998
1292,2017/10/22,74513
1293,2017/10/23,86442
1294,2017/10/24,74472
1295,2017/10/25,72426
1296,2017/10/26,67679
1297,2017/10/27,69197
1298,2017/10/28,59449
1299,2017/10/29,64396
1300,2017/10/30,73018
1301,2017/10/31,86043
1302,2017/11/01,89885
1303,2017/11/02,92923
1304,2017/11/03,77953
1305,2017/11/04,73373
1306,2017/11/05,67196
1307,2017/11/06,72577
1308,2017/11/07,64461
1309,2017/11/08,81551
1310,2017/11/09,81241
1311,2017/11/10,80481
1312,2017/11/11,68892
1313,2017/11/12,71176
1314,2017/11/13,73373
1315,2017/11/14,71630
1316,2017/11/15,79934
1317,2017/11/16,87538
1318,2017/11/17,83410
1319,2017/11/18,68192
1320,2017/11/19,72762
1321,2017/11/20,102144
1322,2017/11/21,87110
1323,2017/11/22,78405
1324,2017/11/23,75047
1325,2017/11/24,69886
1326,2017/11/25,71625
1327,2017/11/26,80943
1328,2017/11/27,98413
1329,2017/11/28,106360
1330,2017/11/29,128781
1331,2017/11/30,103190
1332,2017/12/01,105017
1333,2017/12/02,88292
1334,2017/12/03,83022
1335,2017/12/04,97945
1336,2017/12/05,103919
1337,2017/12/06,116856
1338,2017/12/07,155600
1339,2017/12/08,124260
1340,2017/12/09,114109
1341,2017/12/10,100455
1342,2017/12/11,128425
1343,2017/12/12,113215
1344,2017/12/13,98863
1345,2017/12/14,109628
1346,2017/12/15,105711
1347,2017/12/16,82782
1348,2017/12/17,84441
1349,2017/12/18,97245
1350,2017/12/19,83423
1351,2017/12/20,101169
1352,2017/12/21,105591
1353,2017/12/22,124670
1354,2017/12/23,100098
1355,2017/12/24,70864
1356,2017/12/25,64029
1357,2017/12/26,77648
1358,2017/12/27,78968
1359,2017/12/28,79968
1360,2017/12/29,77151
1361,2017/12/30,71377
1362,2017/12/31,64989
1363,2018/01/01,62044
1364,2018/01/02,77723
1365,2018/01/03,79086
1366,2018/01/04,74534
1367,2018/01/05,76404
1368,2018/01/06,62977
1369,2018/01/07,67259
1370,2018/01/08,30585
1371,2018/01/09,80932
1372,2018/01/10,82357
1373,2018/01/11,100333
1374,2018/01/12,80737
1375,2018/01/13,63396
1376,2018/01/14,65657
1377,2018/01/15,76852
1378,2018/01/16,102135
1379,2018/01/17,111394
1380,2018/01/18,100366
1381,2018/01/19,57244
1382,2018/01/20,75149
1383,2018/01/21,76295
1384,2018/01/22,93708
1385,2018/01/23,81995
1386,2018/01/24,78855
1387,2018/01/25,79509
1388,2018/01/26,73227
1389,2018/01/27,63956
1390,2018/01/28,66645
1391,2018/01/29,82322
1392,2018/01/30,84246
1393,2018/01/31,81651
1394,2018/02/01,93008
1395,2018/02/02,102640
1396,2018/02/03,76444
1397,2018/02/04,78202
1398,2018/02/05,99959
1399,2018/02/06,109734
1400,2018/02/07,95072
1401,2018/02/08,101569
1402,2018/02/09,89542
1403,2018/02/10,77570
1404,2018/02/11,75335
1405,2018/02/12,83783
1406,2018/02/13,73084
1407,2018/02/14,72888
1408,2018/02/15,74208
1409,2018/02/16,74964
1410,2018/02/17,69716
1411,2018/02/18,62968
1412,2018/02/19,69225
1413,2018/02/20,75215
1414,2018/02/21,69562
1415,2018/02/22,66124
1416,2018/02/23,62576
1417,2018/02/24,56616
1418,2018/02/25,63393
1419,2018/02/26,66533
1420,2018/02/27,64827
1421,2018/02/28,68823
1422,2018/03/01,61852
1423,2018/03/02,61317
1424,2018/03/03,null
1425,2018/03/04,null
1426,2018/03/05,null
1427,2018/03/06,null
1428,2018/03/07,null
1429,2018/03/08,null
1430,2018/03/09,null
1431,2018/03/10,null
1432,2018/03/11,null
1433,2018/03/12,null
1434,2018/03/13,null
1435,2018/03/14,null
1436,2018/03/15,null
1437,2018/03/16,null
1438,2018/03/17,null
1439,2018/03/18,null
1440,2018/03/19,null
1441,2018/03/20,null
1442,2018/03/21,null
1443,2018/03/22,null
1444,2018/03/23,null
1445,2018/03/24,null
1446,2018/03/25,null
1447,2018/03/26,null
1448,2018/03/27,null
1449,2018/03/28,null
1450,2018/03/29,null
1451,2018/03/30,null
1452,2018/03/31,null
1453,2018/04/01,null
1454,2018/04/02,null
1455,2018/04/03,null
1456,2018/04/04,null
1457,2018/04/05,null
1458,2018/04/06,null
1459,2018/04/07,52476
1460,2018/04/08,52796
1461,2018/04/09,59029
1462,2018/04/10,59044
1463,2018/04/11,61072
1464,2018/04/12,68886
1465,2018/04/13,64178
1466,2018/04/14,50026
1467,2018/04/15,52494
1468,2018/04/16,56538
1469,2018/04/17,56111
1470,2018/04/18,56720
1471,2018/04/19,57013
1472,2018/04/20,57190
1473,2018/04/21,56176
1474,2018/04/22,59404
1475,2018/04/23,59885
1476,2018/04/24,67323
1477,2018/04/25,65523
1478,2018/04/26,64330
1479,2018/04/27,55754
1480,2018/04/28,49473
1481,2018/04/29,46959
1482,2018/04/30,49151
1483,2018/05/01,49777
1484,2018/05/02,48137
1485,2018/05/03,50882
1486,2018/05/04,57751
1487,2018/05/05,50536
1488,2018/05/06,47589
1489,2018/05/07,53424
1490,2018/05/08,52302
1491,2018/05/09,54594
1492,2018/05/10,53621
1493,2018/05/11,55128
1494,2018/05/12,48718
1495,2018/05/13,46131
1496,2018/05/14,52460
1497,2018/05/15,50376
1498,2018/05/16,49167
1499,2018/05/17,47708
1500,2018/05/18,46685
1501,2018/05/19,40643
1502,2018/05/20,41628
1503,2018/05/21,44301
1504,2018/05/22,44097
1505,2018/05/23,49303
1506,2018/05/24,46043
1507,2018/05/25,42093
1508,2018/05/26,38020
1509,2018/05/27,43809
1510,2018/05/28,44801
1511,2018/05/29,46903
1512,2018/05/30,51863
1513,2018/05/31,47154
1514,2018/06/01,45316
1515,2018/06/02,41760
1516,2018/06/03,41999
1517,2018/06/04,46104
1518,2018/06/05,46860
1519,2018/06/06,45323
1520,2018/06/07,48259
1521,2018/06/08,46310
1522,2018/06/09,38889
1523,2018/06/10,40585
1524,2018/06/11,45487
1525,2018/06/12,46551
1526,2018/06/13,51652
1527,2018/06/14,47079
1528,2018/06/15,39786
1529,2018/06/16,36471
1530,2018/06/17,37164
1531,2018/06/18,46282
1532,2018/06/19,45018
1533,2018/06/20,41009
1534,2018/06/21,38835
1535,2018/06/22,41721
1536,2018/06/23,36776
1537,2018/06/24,36953
1538,2018/06/25,42286
1539,2018/06/26,43429
1540,2018/06/27,40206
1541,2018/06/28,41574
1542,2018/06/29,41392
1543,2018/06/30,35882
1544,2018/07/01,32183
1545,2018/07/02,40449
1546,2018/07/03,43042
1547,2018/07/04,40065
1548,2018/07/05,38128
1549,2018/07/06,38468
1550,2018/07/07,32273
1551,2018/07/08,31005
1552,2018/07/09,37804
1553,2018/07/10,39826
1554,2018/07/11,39901
1555,2018/07/12,39007
1556,2018/07/13,37794
1557,2018/07/14,30839
1558,2018/07/15,32485
1559,2018/07/16,41799
1560,2018/07/17,45432
1561,2018/07/18,42923
1562,2018/07/19,39629
1563,2018/07/20,38529
1564,2018/07/21,33267
1565,2018/07/22,32189
1566,2018/07/23,39877
1567,2018/07/24,48202
1568,2018/07/25,41673
1569,2018/07/26,39978
1570,2018/07/27,37373
1571,2018/07/28,31763
1572,2018/07/29,32179
1573,2018/07/30,37855
1574,2018/07/31,38962
1575,2018/08/01,39603
1576,2018/08/02,37572
1577,2018/08/03,39186
1578,2018/08/04,33342
1579,2018/08/05,30523
1580,2018/08/06,35064
1581,2018/08/07,34996
1582,2018/08/08,36169
1583,2018/08/09,34503
1584,2018/08/10,34108
1585,2018/08/11,29578
1586,2018/08/12,28188
1587,2018/08/13,31628
1588,2018/08/14,36996
1589,2018/08/15,35084
1590,2018/08/16,33037
1591,2018/08/17,32168
1592,2018/08/18,27953
1593,2018/08/19,26854
1594,2018/08/20,33467
1595,2018/08/21,33425
1596,2018/08/22,32026
1597,2018/08/23,33815
1598,2018/08/24,29804
1599,2018/08/25,26122
1600,2018/08/26,23840
1601,2018/08/27,28754
1602,2018/08/28,33359
1603,2018/08/29,31756
1604,2018/08/30,31447
1605,2018/08/31,32099
1606,2018/09/01,30166
1607,2018/09/02,29111
1608,2018/09/03,34835
1609,2018/09/04,35005
1610,2018/09/05,35456
1611,2018/09/06,37078
1612,2018/09/07,33033
1613,2018/09/08,28446
1614,2018/09/09,30519
1615,2018/09/10,33868
1616,2018/09/11,32809
1617,2018/09/12,29716
1618,2018/09/13,32269
1619,2018/09/14,31041
1620,2018/09/15,27319
1621,2018/09/16,26995
1622,2018/09/17,31037
1623,2018/09/18,30885
1624,2018/09/19,31000
1625,2018/09/20,32268
1626,2018/09/21,34302
1627,2018/09/22,27695
1628,2018/09/23,29057
1629,2018/09/24,32186
1630,2018/09/25,33771
1631,2018/09/26,32810
1632,2018/09/27,31898
1633,2018/09/28,29550
1634,2018/09/29,28728
1635,2018/09/30,27646
1636,2018/10/01,31878
1637,2018/10/02,31648
1638,2018/10/03,31711
1639,2018/10/04,34224
1640,2018/10/05,34221
1641,2018/10/06,29246
1642,2018/10/07,28503
1643,2018/10/08,37692
1644,2018/10/09,35538
1645,2018/10/10,33842
1646,2018/10/11,32278
1647,2018/10/12,28937
1648,2018/10/13,27760
1649,2018/10/14,28150
1650,2018/10/15,35275
1651,2018/10/16,35006
1652,2018/10/17,33145
1653,2018/10/18,30155
1654,2018/10/19,28097
1655,2018/10/20,23204
1656,2018/10/21,22298
1657,2018/10/22,30300
1658,2018/10/23,30702
1659,2018/10/24,29969
1660,2018/10/25,25693
1661,2018/10/26,25493
1662,2018/10/27,20631
1663,2018/10/28,20711
1664,2018/10/29,26541
1665,2018/10/30,25290
1666,2018/10/31,33944
1667,2018/11/01,31618
1668,2018/11/02,22288
1669,2018/11/03,18645
1670,2018/11/04,24207
1671,2018/11/05,23158
1672,2018/11/06,25550
1673,2018/11/07,24951
1674,2018/11/08,24614
1675,2018/11/09,25018
1676,2018/11/10,20709
1677,2018/11/11,18630
1678,2018/11/12,23212
1679,2018/11/13,25340
1680,2018/11/14,34169
1681,2018/11/15,30694
1682,2018/11/16,28077
1683,2018/11/17,23964
1684,2018/11/18,21832
1685,2018/11/19,39010
1686,2018/11/20,36659
1687,2018/11/21,30984
1688,2018/11/22,27754
1689,2018/11/23,26345
1690,2018/11/24,22902
1691,2018/11/25,26859
1692,2018/11/26,29115
1693,2018/11/27,29976
1694,2018/11/28,29142
1695,2018/11/29,28709
1696,2018/11/30,25626
1697,2018/12/01,26347
1698,2018/12/02,21596
1699,2018/12/03,27894
1700,2018/12/04,25332
1701,2018/12/05,27357
1702,2018/12/06,null
1703,2018/12/07,28638
1704,2018/12/08,22270
1705,2018/12/09,23363
1706,2018/12/10,22818
1707,2018/12/11,22603
1708,2018/12/12,21876
1709,2018/12/13,21792
1710,2018/12/14,24445
1711,2018/12/15,18577
1712,2018/12/16,19526
1713,2018/12/17,24940
1714,2018/12/18,25600
1715,2018/12/19,26446
1716,2018/12/20,24630
1717,2018/12/21,22143
1718,2018/12/22,17737
1719,2018/12/23,17701
1720,2018/12/24,21198
1721,2018/12/25,18394
1722,2018/12/26,19107
1723,2018/12/27,19522
1724,2018/12/28,20589
1725,2018/12/29,19252
1726,2018/12/30,18295
1727,2018/12/31,18611
1728,2019/01/01,17069
1729,2019/01/02,18830
1730,2019/01/03,26754
1731,2019/01/04,21139
1732,2019/01/05,20096
1733,2019/01/06,18883
1734,2019/01/07,20476
1735,2019/01/08,19387
1736,2019/01/09,21237
1737,2019/01/10,20948
1738,2019/01/11,19317
1739,2019/01/12,16138
1740,2019/01/13,16041
1741,2019/01/14,19018
1742,2019/01/15,18363
1743,2019/01/16,18790
1744,2019/01/17,21544
1745,2019/01/18,19125
1746,2019/01/19,16923
1747,2019/01/20,17285
1748,2019/01/21,18571
1749,2019/01/22,18601
1750,2019/01/23,19434
1751,2019/01/24,19994
1752,2019/01/25,17787
1753,2019/01/26,16307
1754,2019/01/27,14794
1755,2019/01/28,19069
1756,2019/01/29,19242
1757,2019/01/30,19785
1758,2019/01/31,20616
1759,2019/02/01,14658
1760,2019/02/02,15728
1761,2019/02/03,15208
1762,2019/02/04,18658
1763,2019/02/05,19792
1764,2019/02/06,20673
1765,2019/02/07,18834
1766,2019/02/08,20304
1767,2019/02/09,18400
1768,2019/02/10,15294
1769,2019/02/11,17137
1770,2019/02/12,18536
1771,2019/02/13,19037
1772,2019/02/14,20146
1773,2019/02/15,17973
1774,2019/02/16,14503
1775,2019/02/17,15013
1776,2019/02/18,20088
1777,2019/02/19,20657
1778,2019/02/20,19783
1779,2019/02/21,18673
1780,2019/02/22,18990
1781,2019/02/23,17467
1782,2019/02/24,19043
1783,2019/02/25,18557
1784,2019/02/26,18337
1785,2019/02/27,17989
1786,2019/02/28,17668
1787,2019/03/01,16498
1788,2019/03/02,14475
1789,2019/03/03,14176
1790,2019/03/04,17545
1791,2019/03/05,18838
1792,2019/03/06,18028
1793,2019/03/07,18488
1794,2019/03/08,17183
1795,2019/03/09,17366
1796,2019/03/10,15841
1797,2019/03/11,18186
1798,2019/03/12,19917
1799,2019/03/13,18492
1800,2019/03/14,20023
1801,2019/03/15,20206
1802,2019/03/16,17435
1803,2019/03/17,15347
1804,2019/03/18,18737
1805,2019/03/19,18727
1806,2019/03/20,19248
1807,2019/03/21,19423
1808,2019/03/22,16970
1809,2019/03/23,15265
1810,2019/03/24,13501
1811,2019/03/25,17740
1812,2019/03/26,17060
1813,2019/03/27,18796
1814,2019/03/28,19331
1815,2019/03/29,19794
1816,2019/03/30,16862
1817,2019/03/31,13999
1818,2019/04/01,19381
1819,2019/04/02,31271
1820,2019/04/03,27604
1821,2019/04/04,19138
1822,2019/04/05,21242
1823,2019/04/06,18512
1824,2019/04/07,18379
1825,2019/04/08,21850
1826,2019/04/09,21506
1827,2019/04/10,20630
1828,2019/04/11,19646
1829,2019/04/12,19211
1830,2019/04/13,14753
1831,2019/04/14,15018
1832,2019/04/15,21915
1833,2019/04/16,20162
1834,2019/04/17,18090
1835,2019/04/18,17682
1836,2019/04/19,18120
1837,2019/04/20,17709
1838,2019/04/21,17222
1839,2019/04/22,17408
1840,2019/04/23,22296
1841,2019/04/24,19743
1842,2019/04/25,19506
1843,2019/04/26,21070
1844,2019/04/27,16710
1845,2019/04/28,17580
1846,2019/04/29,20448
1847,2019/04/30,21581
1848,2019/05/01,20851
1849,2019/05/02,22445
1850,2019/05/03,24485
1851,2019/05/04,17068
1852,2019/05/05,16535
1853,2019/05/06,17404
1854,2019/05/07,23358
1855,2019/05/08,21963
1856,2019/05/09,23754
1857,2019/05/10,26998
1858,2019/05/11,28634
1859,2019/05/12,24282
1860,2019/05/13,30708
1861,2019/05/14,30481
1862,2019/05/15,26417
1863,2019/05/16,25357
1864,2019/05/17,24758
1865,2019/05/18,21030
1866,2019/05/19,23521
1867,2019/05/20,26986
1868,2019/05/21,26690
1869,2019/05/22,28228
1870,2019/05/23,23030
1871,2019/05/24,24832
1872,2019/05/25,21858
1873,2019/05/26,24478
1874,2019/05/27,28581
1875,2019/05/28,26446
1876,2019/05/29,25021
1877,2019/05/30,27798
1878,2019/05/31,23693
1879,2019/06/01,18033
1880,2019/06/02,17800
1881,2019/06/03,21639
1882,2019/06/04,22663
1883,2019/06/05,20976
1884,2019/06/06,18986
1885,2019/06/07,18556
1886,2019/06/08,16193
1887,2019/06/09,14067
1888,2019/06/10,16525
1889,2019/06/11,16251
1890,2019/06/12,16268
1891,2019/06/13,17035
1892,2019/06/14,18696
1893,2019/06/15,16573
1894,2019/06/16,22492
1895,2019/06/17,20646
1896,2019/06/18,21527
1897,2019/06/19,18490
1898,2019/06/20,22820
1899,2019/06/21,27828
1900,2019/06/22,39374
1901,2019/06/23,24127
1902,2019/06/24,25892
1903,2019/06/25,27019
1904,2019/06/26,41687
1905,2019/06/27,30175
1906,2019/06/28,27588
1907,2019/06/29,21149
1908,2019/06/30,17663
1909,2019/07/01,23124
1910,2019/07/02,23546
1911,2019/07/03,22563
1912,2019/07/04,19546
1913,2019/07/05,19656
1914,2019/07/06,16184
1915,2019/07/07,15820
1916,2019/07/08,21434
1917,2019/07/09,22180
1918,2019/07/10,23834
1919,2019/07/11,20230
1920,2019/07/12,31450
1921,2019/07/13,21442
1922,2019/07/14,19451
1923,2019/07/15,22735
1924,2019/07/16,22784
1925,2019/07/17,24278
1926,2019/07/18,24597
1927,2019/07/19,25759
1928,2019/07/20,21566
1929,2019/07/21,20697
1930,2019/07/22,23274
1931,2019/07/23,21610
1932,2019/07/24,22926
1933,2019/07/25,19361
1934,2019/07/26,17954
1935,2019/07/27,16400
1936,2019/07/28,14762
1937,2019/07/29,17179
1938,2019/07/30,18294
1939,2019/07/31,19647
1940,2019/08/01,19930
1941,2019/08/02,19806
1942,2019/08/03,15856
1943,2019/08/04,15514
1944,2019/08/05,24014
1945,2019/08/06,21526
1946,2019/08/07,19684
1947,2019/08/08,17352
1948,2019/08/09,17787
1949,2019/08/10,15781
1950,2019/08/11,14407
1951,2019/08/12,18156
1952,2019/08/13,18208
1953,2019/08/14,19072
1954,2019/08/15,19697
1955,2019/08/16,19352
1956,2019/08/17,15703
1957,2019/08/18,14246
1958,2019/08/19,16770
1959,2019/08/20,16596
1960,2019/08/21,18179
1961,2019/08/22,17858
1962,2019/08/23,17668
1963,2019/08/24,14618
1964,2019/08/25,14278
1965,2019/08/26,16826
1966,2019/08/27,20448
1967,2019/08/28,19033
1968,2019/08/29,17137
1969,2019/08/30,16339
1970,2019/08/31,13453
1971,2019/09/01,14620
1972,2019/09/02,17337
1973,2019/09/03,20903
1974,2019/09/04,18177
1975,2019/09/05,16187
1976,2019/09/06,18376
1977,2019/09/07,14526
1978,2019/09/08,14593
1979,2019/09/09,17004
1980,2019/09/10,18300
1981,2019/09/11,17080
1982,2019/09/12,16904
1983,2019/09/13,15885
1984,2019/09/14,13360
1985,2019/09/15,13380
1986,2019/09/16,16491
1987,2019/09/17,17082
1988,2019/09/18,18477
1989,2019/09/19,18387
1990,2019/09/20,16907
1991,2019/09/21,13899
1992,2019/09/22,14650
1993,2019/09/23,18065
1994,2019/09/24,21250
1995,2019/09/25,21772
1996,2019/09/26,19619
1997,2019/09/27,19119
1998,2019/09/28,15414
1999,2019/09/29,14229
2000,2019/09/30,17758
2001,2019/10/01,17754
2002,2019/10/02,15544
2003,2019/10/03,15626
2004,2019/10/04,14904
2005,2019/10/05,13536
2006,2019/10/06,14729
2007,2019/10/07,16843
2008,2019/10/08,16662
2009,2019/10/09,17990
2010,2019/10/10,17144
2011,2019/10/11,16759
2012,2019/10/12,14136
2013,2019/10/13,14172
2014,2019/10/14,17307
2015,2019/10/15,17552
2016,2019/10/16,17713
2017,2019/10/17,16806
2018,2019/10/18,17011
2019,2019/10/19,15757
2020,2019/10/20,13294
2021,2019/10/21,16282
2022,2019/10/22,19420
2023,2019/10/23,20329
2024,2019/10/24,17486
2025,2019/10/25,20601
2026,2019/10/26,25470
2027,2019/10/27,17460
2028,2019/10/28,18462
2029,2019/10/29,17199
2030,2019/10/30,17972
2031,2019/10/31,20869
2032,2019/11/01,17370
2033,2019/11/02,14470
2034,2019/11/03,14022
2035,2019/11/04,17953
2036,2019/11/05,18119
2037,2019/11/06,17193
2038,2019/11/07,16147
2039,2019/11/08,16463
2040,2019/11/09,13608
2041,2019/11/10,13655
2042,2019/11/11,17451
2043,2019/11/12,16739
2044,2019/11/13,17058
2045,2019/11/14,18144
2046,2019/11/15,17028
2047,2019/11/16,15041
2048,2019/11/17,14539
2049,2019/11/18,16505
2050,2019/11/19,16874
2051,2019/11/20,18338
2052,2019/11/21,21597
2053,2019/11/22,24404
2054,2019/11/23,16543
2055,2019/11/24,17253
2056,2019/11/25,22633
2057,2019/11/26,25824
2058,2019/11/27,22517
2059,2019/11/28,16332
2060,2019/11/29,16670
2061,2019/11/30,16174
2062,2019/12/01,15964
2063,2019/12/02,16129
2064,2019/12/03,16469
2065,2019/12/04,16817
2066,2019/12/05,17127
2067,2019/12/06,15697
2068,2019/12/07,13437
2069,2019/12/08,14176
2070,2019/12/09,16592
2071,2019/12/10,15197
2072,2019/12/11,14324
2073,2019/12/12,16412
2074,2019/12/13,16588
2075,2019/12/14,14114
2076,2019/12/15,14381
2077,2019/12/16,18724
2078,2019/12/17,19303
2079,2019/12/18,22374
2080,2019/12/19,21588
2081,2019/12/20,18959
2082,2019/12/21,16562
2083,2019/12/22,15978
2084,2019/12/23,16906
2085,2019/12/24,15959
2086,2019/12/25,14984
2087,2019/12/26,15205
2088,2019/12/27,14711
2089,2019/12/28,14765
2090,2019/12/29,13684
2091,2019/12/30,15568
2092,2019/12/31,13500
2093,2020/01/01,13987
2094,2020/01/02,15920
2095,2020/01/03,19730
2096,2020/01/04,16357
2097,2020/01/05,16533
2098,2020/01/06,16540
2099,2020/01/07,20950
2100,2020/01/08,20820
2101,2020/01/09,20500
2102,2020/01/10,18266
2103,2020/01/11,15900
2104,2020/01/12,14383
2105,2020/01/13,15305
2106,2020/01/14,20772
2107,2020/01/15,18142
2108,2020/01/16,18513
2109,2020/01/17,17272
2110,2020/01/18,17651
2111,2020/01/19,20557
2112,2020/01/20,18586
2113,2020/01/21,19285
2114,2020/01/22,19401
2115,2020/01/23,18546
2116,2020/01/24,16643
2117,2020/01/25,13919
2118,2020/01/26,14485
2119,2020/01/27,18223
2120,2020/01/28,20422
2121,2020/01/29,22062
2122,2020/01/30,18452
2123,2020/01/31,17685
2124,2020/02/01,15818
2125,2020/02/02,75543
2126,2020/02/03,32917
2127,2020/02/04,28537
2128,2020/02/05,34975
2129,2020/02/06,30260
2130,2020/02/07,25577
2131,2020/02/08,22495
2132,2020/02/09,38674
2133,2020/02/10,27170
2134,2020/02/11,28117
2135,2020/02/12,28341
2136,2020/02/13,26869
2137,2020/02/14,25754
2138,2020/02/15,23918
2139,2020/02/16,23996
2140,2020/02/17,25279
2141,2020/02/18,29623
2142,2020/02/19,31627
2143,2020/02/20,26789
2144,2020/02/21,23685
2145,2020/02/22,24088
2146,2020/02/23,25803
2147,2020/02/24,28829
2148,2020/02/25,27251
2149,2020/02/26,27388
2150,2020/02/27,25882
2151,2020/02/28,25289
2152,2020/02/29,22884
2153,2020/03/01,22847
2154,2020/03/02,25876
2155,2020/03/03,25782
2156,2020/03/04,27221
2157,2020/03/05,26232
2158,2020/03/06,22285
2159,2020/03/07,19205
2160,2020/03/08,19627
2161,2020/03/09,31167
2162,2020/03/10,24544
2163,2020/03/11,23550
2164,2020/03/12,44735
2165,2020/03/13,43020
2166,2020/03/14,22922
2167,2020/03/15,22102
2168,2020/03/16,27432
2169,2020/03/17,26159
2170,2020/03/18,26644
2171,2020/03/19,29033
2172,2020/03/20,28150
2173,2020/03/21,25403
2174,2020/03/22,27844
2175,2020/03/23,28657
2176,2020/03/24,31076
2177,2020/03/25,26878
2178,2020/03/26,24772
2179,2020/03/27,24128
2180,2020/03/28,20983
2181,2020/03/29,22187
2182,2020/03/30,24425
2183,2020/03/31,24944
2184,2020/04/01,27700
2185,2020/04/02,29947
2186,2020/04/03,33185
2187,2020/04/04,28502
2188,2020/04/05,25533
2189,2020/04/06,32118
2190,2020/04/07,32171
2191,2020/04/08,30033
2192,2020/04/09,29133
2193,2020/04/10,28128
2194,2020/04/11,22432
2195,2020/04/12,23749
2196,2020/04/13,26814
2197,2020/04/14,31671
2198,2020/04/15,28889
2199,2020/04/16,30583
2200,2020/04/17,28790
2201,2020/04/18,25279
2202,2020/04/19,25819
2203,2020/04/20,34822
2204,2020/04/21,32492
2205,2020/04/22,30981
2206,2020/04/23,35498
2207,2020/04/24,32567
2208,2020/04/25,33355
2209,2020/04/26,33495
2210,2020/04/27,39379
2211,2020/04/28,41546
2212,2020/04/29,48269
2213,2020/04/30,50532
2214,2020/05/01,40443
2215,2020/05/02,42783
2216,2020/05/03,43879
2217,2020/05/04,43373
2218,2020/05/05,50889
2219,2020/05/06,55866
2220,2020/05/07,59654
2221,2020/05/08,53749
2222,2020/05/09,42273
2223,2020/05/10,41923
2224,2020/05/11,82838
2225,2020/05/12,60453
2226,2020/05/13,46507
2227,2020/05/14,48588
2228,2020/05/15,38102
2229,2020/05/16,40293
2230,2020/05/17,33797
2231,2020/05/18,38987
2232,2020/05/19,31927
2233,2020/05/20,33468
2234,2020/05/21,36198
2235,2020/05/22,46283
2236,2020/05/23,27771
2237,2020/05/24,30235
2238,2020/05/25,34450
2239,2020/05/26,30190
2240,2020/05/27,34046
2241,2020/05/28,38537
2242,2020/05/29,34052
2243,2020/05/30,29372
2244,2020/05/31,28806
2245,2020/06/01,34801
2246,2020/06/02,48257
2247,2020/06/03,32772
2248,2020/06/04,33808
2249,2020/06/05,31415
2250,2020/06/06,26066
2251,2020/06/07,26035
2252,2020/06/08,30802
2253,2020/06/09,33586
2254,2020/06/10,35740
2255,2020/06/11,34444
2256,2020/06/12,34530
2257,2020/06/13,30524
2258,2020/06/14,24592
2259,2020/06/15,28560
2260,2020/06/16,28992
2261,2020/06/17,23559
2262,2020/06/18,23904
2263,2020/06/19,29522
2264,2020/06/20,26154
2265,2020/06/21,26333
2266,2020/06/22,33399
2267,2020/06/23,34373
2268,2020/06/24,32446
2269,2020/06/25,31154
2270,2020/06/26,30758
2271,2020/06/27,28444
2272,2020/06/28,28965
2273,2020/06/29,32380
2274,2020/06/30,28895
2275,2020/07/01,26910
2276,2020/07/02,26683
2277,2020/07/03,25726
2278,2020/07/04,24368
2279,2020/07/05,20039
2280,2020/07/06,27694
2281,2020/07/07,22547
2282,2020/07/08,22723
2283,2020/07/09,24645
2284,2020/07/10,24965
2285,2020/07/11,22288
2286,2020/07/12,19664
2287,2020/07/13,25309
2288,2020/07/14,35940
2289,2020/07/15,54174
2290,2020/07/16,56131
2291,2020/07/17,24865
2292,2020/07/18,null
2293,2020/07/19,18893
2294,2020/07/20,24912
2295,2020/07/21,27374
2296,2020/07/22,25069
2297,2020/07/23,27632
2298,2020/07/24,27407
2299,2020/07/25,27808
2300,2020/07/26,30432
2301,2020/07/27,51139
2302,2020/07/28,45495
2303,2020/07/29,33785
2304,2020/07/30,32625
2305,2020/07/31,30055
2306,2020/08/01,39913
2307,2020/08/02,33109
2308,2020/08/03,29874
2309,2020/08/04,29318
2310,2020/08/05,38033
2311,2020/08/06,38775
2312,2020/08/07,37514
2313,2020/08/08,29019
2314,2020/08/09,25986
2315,2020/08/10,35606
2316,2020/08/11,33567
2317,2020/08/12,35237
2318,2020/08/13,30485
2319,2020/08/14,38124
2320,2020/08/15,39156
2321,2020/08/16,29007
2322,2020/08/17,40655
2323,2020/08/18,38262
2324,2020/08/19,36164
2325,2020/08/20,33256
2326,2020/08/21,34177
2327,2020/08/22,27846
2328,2020/08/23,28557
2329,2020/08/24,32820
2330,2020/08/25,36405
2331,2020/08/26,31857
2332,2020/08/27,32432
2333,2020/08/28,34517
2334,2020/08/29,26986
2335,2020/08/30,27893
2336,2020/08/31,29068
2337,2020/09/01,35393
2338,2020/09/02,32608
2339,2020/09/03,37151
2340,2020/09/04,34973
2341,2020/09/05,28115
2342,2020/09/06,23088
2343,2020/09/07,30832
2344,2020/09/08,28540
2345,2020/09/09,30051
2346,2020/09/10,29885
2347,2020/09/11,30008
2348,2020/09/12,27451
2349,2020/09/13,27955
2350,2020/09/14,29947
2351,2020/09/15,34641
2352,2020/09/16,35407
2353,2020/09/17,33417
2354,2020/09/18,31357
2355,2020/09/19,29151
2356,2020/09/20,26571
2357,2020/09/21,32418
2358,2020/09/22,38132
2359,2020/09/23,47367
2360,2020/09/24,37643
2361,2020/09/25,38495
2362,2020/09/26,25955
2363,2020/09/27,37113
2364,2020/09/28,34219
2365,2020/09/29,32020
2366,2020/09/30,33290
2367,2020/10/01,35755
2368,2020/10/02,32092
2369,2020/10/03,29374
2370,2020/10/04,31026
2371,2020/10/05,29324
2372,2020/10/06,30843
2373,2020/10/07,34215
2374,2020/10/08,42037
2375,2020/10/09,41653
2376,2020/10/10,37385
2377,2020/10/11,33070
2378,2020/10/12,32811
2379,2020/10/13,33789
2380,2020/10/14,87570
2381,2020/10/15,63222
2382,2020/10/16,36596
2383,2020/10/17,29771
2384,2020/10/18,26901
2385,2020/10/19,31375
2386,2020/10/20,37581
2387,2020/10/21,64870
2388,2020/10/22,43790
2389,2020/10/23,35777
2390,2020/10/24,32175
2391,2020/10/25,28445
2392,2020/10/26,36554
2393,2020/10/27,44889
2394,2020/10/28,36385
2395,2020/10/29,36808
2396,2020/10/30,32806
2397,2020/10/31,49308
2398,2020/11/01,40439
2399,2020/11/02,32602
2400,2020/11/03,36459
2401,2020/11/04,47315
2402,2020/11/05,60368
2403,2020/11/06,47823
2404,2020/11/07,33705
2405,2020/11/08,30699
2406,2020/11/09,35977
2407,2020/11/10,35104
2408,2020/11/11,39657
2409,2020/11/12,44220
2410,2020/11/13,48337
2411,2020/11/14,37293
2412,2020/11/15,33836
2413,2020/11/16,47177
2414,2020/11/17,74813
2415,2020/11/18,70679
2416,2020/11/19,43267
2417,2020/11/20,47903
2418,2020/11/21,45874
2419,2020/11/22,43581
2420,2020/11/23,47594
2421,2020/11/24,78971
2422,2020/11/25,46379
2423,2020/11/26,53237
2424,2020/11/27,44777
2425,2020/11/28,37071
2426,2020/11/29,33292
2427,2020/11/30,66042
2428,2020/12/01,60008
2429,2020/12/02,48309
2430,2020/12/03,44375
2431,2020/12/04,46085
2432,2020/12/05,39802
2433,2020/12/06,39953
2434,2020/12/07,45372
2435,2020/12/08,46222
2436,2020/12/09,42250
2437,2020/12/10,37279
2438,2020/12/11,35891
2439,2020/12/12,38898
2440,2020/12/13,39491
2441,2020/12/14,38737
2442,2020/12/15,43739
2443,2020/12/16,127155
2444,2020/12/17,120169
2445,2020/12/18,67616
2446,2020/12/19,56872
2447,2020/12/20,62679
2448,2020/12/21,61296
2449,2020/12/22,45927
2450,2020/12/23,43942
2451,2020/12/24,42618
2452,2020/12/25,49739
2453,2020/12/26,72172
2454,2020/12/27,88788
2455,2020/12/28,59779
2456,2020/12/29,56236
2457,2020/12/30,80886
2458,2020/12/31,68822
2459,2021/01/01,55480
2460,2021/01/02,145059
2461,2021/01/03,141596
2462,2021/01/04,82412
2463,2021/01/05,68133
2464,2021/01/06,86631
2465,2021/01/07,125036
2466,2021/01/08,113560
2467,2021/01/09,84725
2468,2021/01/10,74964
2469,2021/01/11,109316
2470,2021/01/12,83880
2471,2021/01/13,91811
2472,2021/01/14,106170
2473,2021/01/15,70388
2474,2021/01/16,62189
2475,2021/01/17,59161
2476,2021/01/18,69189
2477,2021/01/19,70173
2478,2021/01/20,61204
2479,2021/01/21,79347
2480,2021/01/22,79570
2481,2021/01/23,52802
2482,2021/01/24,50983
2483,2021/01/25,63766
2484,2021/01/26,55828
2485,2021/01/27,60652
2486,2021/01/28,84933
2487,2021/01/29,200783
2488,2021/01/30,93578
2489,2021/01/31,68163
2490,2021/02/01,91439
2491,2021/02/02,80624
2492,2021/02/03,87809
2493,2021/02/04,76348
2494,2021/02/05,97415
2495,2021/02/06,107331
2496,2021/02/07,77886
2497,2021/02/08,212923
2498,2021/02/09,159207
2499,2021/02/10,124292
2500,2021/02/11,115390
2501,2021/02/12,122503
2502,2021/02/13,93740
2503,2021/02/14,99797
2504,2021/02/15,101777
2505,2021/02/16,147792
2506,2021/02/17,147890
2507,2021/02/18,116096
2508,2021/02/19,150898
2509,2021/02/20,118093
2510,2021/02/21,111638
2511,2021/02/22,110348
2512,2021/02/23,131691
2513,2021/02/24,103733
2514,2021/02/25,82520
2515,2021/02/26,81742
2516,2021/02/27,66315
2517,2021/02/28,73439
2518,2021/03/01,89756
2519,2021/03/02,103342
2520,2021/03/03,94227
2521,2021/03/04,81460
2522,2021/03/05,70950
2523,2021/03/06,40281
2524,2021/03/07,68935
2525,2021/03/08,81828
2526,2021/03/09,85849
2527,2021/03/10,81908
2528,2021/03/11,95858
2529,2021/03/12,104787
2530,2021/03/13,154790
2531,2021/03/14,102059
2532,2021/03/15,116563
2533,2021/03/16,99951
2534,2021/03/17,106258
2535,2021/03/18,106755
2536,2021/03/19,106380
2537,2021/03/20,92396
2538,2021/03/21,80437
2539,2021/03/22,103950
2540,2021/03/23,94277
2541,2021/03/24,130216
2542,2021/03/25,137938
2543,2021/03/26,137602
2544,2021/03/27,106231
2545,2021/03/28,86361
2546,2021/03/29,104638
2547,2021/03/30,111290
2548,2021/03/31,108145
2549,2021/04/01,69301
2550,2021/04/02,30540
2551,2021/04/03,75450
2552,2021/04/04,87528
2553,2021/04/05,44761
2554,2021/04/06,32289
2555,2021/04/07,86985
2556,2021/04/08,104094
2557,2021/04/09,102638
2558,2021/04/10,110849
2559,2021/04/11,94714
2560,2021/04/12,132176
2561,2021/04/13,171108
2562,2021/04/14,161204
2563,2021/04/15,110223
2564,2021/04/16,113640
2565,2021/04/17,100583
2566,2021/04/18,178464
2567,2021/04/19,122950
2568,2021/04/20,112302
2569,2021/04/21,96848
2570,2021/04/22,108961
2571,2021/04/23,132963
2572,2021/04/24,86049
2573,2021/04/25,81258
2574,2021/04/26,110552
2575,2021/04/27,102971
2576,2021/04/28,97333
2577,2021/04/29,96503
2578,2021/04/30,92350
2579,2021/05/01,99595
2580,2021/05/02,78756
2581,2021/05/03,89710
2582,2021/05/04,87287
2583,2021/05/05,93866
2584,2021/05/06,84935
2585,2021/05/07,103515
2586,2021/05/08,82542
2587,2021/05/09,62002
2588,2021/05/10,74446
2589,2021/05/11,72974
2590,2021/05/12,104572
2591,2021/05/13,249599
2592,2021/05/14,120644
2593,2021/05/15,95522
2594,2021/05/16,148557
2595,2021/05/17,184558
2596,2021/05/18,120021
2597,2021/05/19,363566
2598,2021/05/20,173415
2599,2021/05/21,185009
2600,2021/05/22,174133
2601,2021/05/23,160368
2602,2021/05/24,151342
2603,2021/05/25,107640
2604,2021/05/26,114558
2605,2021/05/27,100263
2606,2021/05/28,104815
2607,2021/05/29,98843
2608,2021/05/30,109381
2609,2021/05/31,101203
2610,2021/06/01,105694
2611,2021/06/02,92542
2612,2021/06/03,88708
2613,2021/06/04,184618
2614,2021/06/05,174730
2615,2021/06/06,211698
2616,2021/06/07,172116
2617,2021/06/08,187281
2618,2021/06/09,297825
2619,2021/06/10,192780
2620,2021/06/11,145724
2621,2021/06/12,133446
2622,2021/06/13,149747
2623,2021/06/14,173293
2624,2021/06/15,139190
2625,2021/06/16,116771
2626,2021/06/17,122733
2627,2021/06/18,125163
2628,2021/06/19,98521
2629,2021/06/20,100940
2630,2021/06/21,153833
2631,2021/06/22,153834
2632,2021/06/23,125027
2633,2021/06/24,105656
2634,2021/06/25,154086
2635,2021/06/26,105096
2636,2021/06/27,122259
2637,2021/06/28,128407
2638,2021/06/29,120506
2639,2021/06/30,110739
2640,2021/07/01,110932
2641,2021/07/02,101685
2642,2021/07/03,92900
2643,2021/07/04,85810
2644,2021/07/05,88486
2645,2021/07/06,95429
2646,2021/07/07,111493
2647,2021/07/08,108695
2648,2021/07/09,98121
2649,2021/07/10,85014
2650,2021/07/11,70863
2651,2021/07/12,98470
2652,2021/07/13,141201
2653,2021/07/14,98812
2654,2021/07/15,92346
2655,2021/07/16,86926
2656,2021/07/17,73357
2657,2021/07/18,75089
2658,2021/07/19,83081
2659,2021/07/20,102358
2660,2021/07/21,150305
2661,2021/07/22,106901
2662,2021/07/23,87678
2663,2021/07/24,97003
2664,2021/07/25,83272
2665,2021/07/26,184548
2666,2021/07/27,128220
2667,2021/07/28,133752
2668,2021/07/29,106512
2669,2021/07/30,93955
2670,2021/07/31,88543
2671,2021/08/01,103030
2672,2021/08/02,118549
2673,2021/08/03,103494
2674,2021/08/04,97689
2675,2021/08/05,95549
2676,2021/08/06,104769
2677,2021/08/07,110473
2678,2021/08/08,97178
2679,2021/08/09,121767
2680,2021/08/10,113397
2681,2021/08/11,99731
2682,2021/08/12,98097
2683,2021/08/13,98133
2684,2021/08/14,81771
2685,2021/08/15,77118
2686,2021/08/16,99378
2687,2021/08/17,98097
2688,2021/08/18,96506
2689,2021/08/19,102697
2690,2021/08/20,113364
2691,2021/08/21,83918
2692,2021/08/22,79512
2693,2021/08/23,139656
2694,2021/08/24,119165
2695,2021/08/25,98782
2696,2021/08/26,87815
2697,2021/08/27,97836
2698,2021/08/28,79411
2699,2021/08/29,83476
2700,2021/08/30,100326
2701,2021/08/31,85170
2702,2021/09/01,103531
2703,2021/09/02,124469
2704,2021/09/03,113030
2705,2021/09/04,94327
2706,2021/09/05,91052
2707,2021/09/06,137763
2708,2021/09/07,240284
2709,2021/09/08,154503
2710,2021/09/09,104725
2711,2021/09/10,100785
2712,2021/09/11,78525
2713,2021/09/12,77722
2714,2021/09/13,103761
2715,2021/09/14,91267
2716,2021/09/15,109407
2717,2021/09/16,90855
2718,2021/09/17,101046
2719,2021/09/18,82649
2720,2021/09/19,74123
2721,2021/09/20,131996
2722,2021/09/21,101636
2723,2021/09/22,98217
2724,2021/09/23,117001
2725,2021/09/24,161656
2726,2021/09/25,97401
2727,2021/09/26,85595
2728,2021/09/27,103126
2729,2021/09/28,99868
2730,2021/09/29,110555
2731,2021/09/30,109580
2732,2021/10/01,149724
2733,2021/10/02,89506
2734,2021/10/03,97975
2735,2021/10/04,132624
2736,2021/10/05,153503
2737,2021/10/06,195155
2738,2021/10/07,129606
2739,2021/10/08,107673
2740,2021/10/09,92850
2741,2021/10/10,91018
2742,2021/10/11,142028
2743,2021/10/12,114161
2744,2021/10/13,113945
2745,2021/10/14,130212
2746,2021/10/15,232707
2747,2021/10/16,141705
2748,2021/10/17,111977
2749,2021/10/18,140381
2750,2021/10/19,176844
2751,2021/10/20,290630
2752,2021/10/21,186417
2753,2021/10/22,147588
2754,2021/10/23,114275
2755,2021/10/24,106803
2756,2021/10/25,134501
2757,2021/10/26,125247
2758,2021/10/27,126449
2759,2021/10/28,125041
2760,2021/10/29,112918
2761,2021/10/30,91063
2762,2021/10/31,105589
2763,2021/11/01,112167
2764,2021/11/02,137644
2765,2021/11/03,127439
2766,2021/11/04,119426
2767,2021/11/05,115671
2768,2021/11/06,97179
2769,2021/11/07,103642
2770,2021/11/08,168461
2771,2021/11/09,189677
2772,2021/11/10,154746
2773,2021/11/11,131369
2774,2021/11/12,121364
2775,2021/11/13,120378
2776,2021/11/14,125767
2777,2021/11/15,137226
2778,2021/11/16,141774
2779,2021/11/17,128054
2780,2021/11/18,134465
2781,2021/11/19,150357
2782,2021/11/20,128237
2783,2021/11/21,140192
2784,2021/11/22,132390
2785,2021/11/23,128649
2786,2021/11/24,116024
2787,2021/11/25,114979
2788,2021/11/26,146605
2789,2021/11/27,120878
2790,2021/11/28,118553
2791,2021/11/29,142628
2792,2021/11/30,116550
2793,2021/12/01,138996
2794,2021/12/02,121726
2795,2021/12/03,125774
2796,2021/12/04,196868
2797,2021/12/05,124214
2798,2021/12/06,153780
2799,2021/12/07,161163
2800,2021/12/08,152439
2801,2021/12/09,135187
2802,2021/12/10,131883
2803,2021/12/11,127315
2804,2021/12/12,140184
2805,2021/12/13,144296
2806,2021/12/14,141026
2807,2021/12/15,146865
2808,2021/12/16,123918
2809,2021/12/17,116145
2810,2021/12/18,116620
2811,2021/12/19,113612
2812,2021/12/20,124159
2813,2021/12/21,137590
2814,2021/12/22,120983
2815,2021/12/23,133215
2816,2021/12/24,122898
2817,2021/12/25,110526
2818,2021/12/26,91493
2819,2021/12/27,105198
2820,2021/12/28,118350
2821,2021/12/29,111906
2822,2021/12/30,126646
2823,2021/12/31,116434
2824,2022/01/01,93876
2825,2022/01/02,114214
2826,2022/01/03,157281
2827,2022/01/04,152831
2828,2022/01/05,149229
2829,2022/01/06,174937
2830,2022/01/07,179285
2831,2022/01/08,146927
2832,2022/01/09,139164
2833,2022/01/10,163362
2834,2022/01/11,151517
2835,2022/01/12,163623
2836,2022/01/13,155209
2837,2022/01/14,139135
2838,2022/01/15,119554
2839,2022/01/16,124308
2840,2022/01/17,137749
2841,2022/01/18,154438
2842,2022/01/19,154193
2843,2022/01/20,166562
2844,2022/01/21,213699
2845,2022/01/22,228883
2846,2022/01/23,165450
2847,2022/01/24,188870
2848,2022/01/25,179311
2849,2022/01/26,181781
2850,2022/01/27,172294
2851,2022/01/28,189813
2852,2022/01/29,156568
2853,2022/01/30,138478
2854,2022/01/31,179778
2855,2022/02/01,188410
2856,2022/02/02,166251
2857,2022/02/03,143784
2858,2022/02/04,200217
2859,2022/02/05,204640
2860,2022/02/06,168851
2861,2022/02/07,209960
2862,2022/02/08,197654
2863,2022/02/09,235034
2864,2022/02/10,188566
2865,2022/02/11,160947
2866,2022/02/12,139913
2867,2022/02/13,146416
2868,2022/02/14,327624
2869,2022/02/15,194553
2870,2022/02/16,176011
2871,2022/02/17,200939
2872,2022/02/18,167864
2873,2022/02/19,143867
2874,2022/02/20,152590
2875,2022/02/21,170678
2876,2022/02/22,177978
2877,2022/02/23,172708
2878,2022/02/24,178626
2879,2022/02/25,193110
2880,2022/02/26,161648
2881,2022/02/27,131521
2882,2022/02/28,185466
2883,2022/03/01,211023
2884,2022/03/02,158660
2885,2022/03/03,150098
2886,2022/03/04,149694
2887,2022/03/05,121698
2888,2022/03/06,122650
2889,2022/03/07,147188
2890,2022/03/08,133210
2891,2022/03/09,189906
2892,2022/03/10,158285
2893,2022/03/11,148462
2894,2022/03/12,132194
2895,2022/03/13,121519
2896,2022/03/14,159575
2897,2022/03/15,187310
2898,2022/03/16,189924
2899,2022/03/17,135071
2900,2022/03/18,134534
2901,2022/03/19,168467
2902,2022/03/20,172926
2903,2022/03/21,211908
2904,2022/03/22,338732
2905,2022/03/23,193049
2906,2022/03/24,238723
2907,2022/03/25,255709
2908,2022/03/26,193514
2909,2022/03/27,202928
2910,2022/03/28,239616
2911,2022/03/29,234380
2912,2022/03/30,200360
2913,2022/03/31,164113
2914,2022/04/01,179037
2915,2022/04/02,153775
2916,2022/04/03,157596
2917,2022/04/04,171339
2918,2022/04/05,186859
2919,2022/04/06,170628
2920,2022/04/07,229396
2921,2022/04/08,224374
2922,2022/04/09,184632
2923,2022/04/10,155906
2924,2022/04/11,163866
2925,2022/04/12,172805
2926,2022/04/13,156392
2927,2022/04/14,160735
2928,2022/04/15,151715
2929,2022/04/16,108618
2930,2022/04/17,120673
2931,2022/04/18,157955
2932,2022/04/19,166556
2933,2022/04/20,196643
2934,2022/04/21,244872
2935,2022/04/22,206254
2936,2022/04/23,138774
2937,2022/04/24,129862
2938,2022/04/25,187800
2939,2022/04/26,157378
2940,2022/04/27,167153
2941,2022/04/28,161634
2942,2022/04/29,146452
2943,2022/04/30,119651
2944,2022/05/01,140890
2945,2022/05/02,140078
2946,2022/05/03,132370
2947,2022/05/04,151707
2948,2022/05/05,157763
2949,2022/05/06,163500
2950,2022/05/07,153072
2951,2022/05/08,172363
2952,2022/05/09,238816
2953,2022/05/10,205069
2954,2022/05/11,184822
2955,2022/05/12,203239
2956,2022/05/13,173856
2957,2022/05/14,140872
2958,2022/05/15,150626
2959,2022/05/16,196060
2960,2022/05/17,166609
2961,2022/05/18,131845
2962,2022/05/19,142912
2963,2022/05/20,147520
2964,2022/05/21,105572
2965,2022/05/22,158680
2966,2022/05/23,142432
2967,2022/05/24,126751
2968,2022/05/25,121921
2969,2022/05/26,111074
2970,2022/05/27,103966
2971,2022/05/28,88240
2972,2022/05/29,91398
2973,2022/05/30,132114
2974,2022/05/31,125285
2975,2022/06/01,117717
2976,2022/06/02,110093
2977,2022/06/03,109165
2978,2022/06/04,94923
2979,2022/06/05,99970
2980,2022/06/06,129536
2981,2022/06/07,141948
2982,2022/06/08,132658
2983,2022/06/09,111562
2984,2022/06/10,120200
2985,2022/06/11,116548
2986,2022/06/12,120204
2987,2022/06/13,226032
2988,2022/06/14,177975
2989,2022/06/15,168679
2990,2022/06/16,152572
2991,2022/06/17,132098
2992,2022/06/18,209849
2993,2022/06/19,177172
2994,2022/06/20,162743
2995,2022/06/21,144041
2996,2022/06/22,132512
2997,2022/06/23,128157
2998,2022/06/24,124250
2999,2022/06/25,128224
3000,2022/06/26,118914
3001,2022/06/27,154658
3002,2022/06/28,139768
3003,2022/06/29,133115
3004,2022/06/30,147364
3005,2022/07/01,143053
3006,2022/07/02,122785
3007,2022/07/03,108361
3008,2022/07/04,111257
3009,2022/07/05,130932
3010,2022/07/06,125527
3011,2022/07/07,145646
3012,2022/07/08,120842
3013,2022/07/09,107656
3014,2022/07/10,104166
3015,2022/07/11,119029
3016,2022/07/12,107710
3017,2022/07/13,114287
3018,2022/07/14,116890
3019,2022/07/15,103145
3020,2022/07/16,105801
3021,2022/07/17,110126
3022,2022/07/18,162147
3023,2022/07/19,166338
3024,2022/07/20,164476
3025,2022/07/21,161933
3026,2022/07/22,129257
3027,2022/07/23,121141
3028,2022/07/24,96410
3029,2022/07/25,111431
3030,2022/07/26,116187
3031,2022/07/27,113900
3032,2022/07/28,127418
3033,2022/07/29,116986
3034,2022/07/30,114699
3035,2022/07/31,130837
3036,2022/08/01,122241
3037,2022/08/02,113295
3038,2022/08/03,115306
3039,2022/08/04,106506
3040,2022/08/05,113397
3041,2022/08/06,97751
3042,2022/08/07,100038
3043,2022/08/08,130487
3044,2022/08/09,116106
3045,2022/08/10,126500
3046,2022/08/11,150601
3047,2022/08/12,152281
3048,2022/08/13,97319
3049,2022/08/14,105992
3050,2022/08/15,123834
3051,2022/08/16,128725
3052,2022/08/17,134282
3053,2022/08/18,101200
3054,2022/08/19,132626
3055,2022/08/20,108997
3056,2022/08/21,99167
3057,2022/08/22,122386
3058,2022/08/23,116940
3059,2022/08/24,118005
3060,2022/08/25,108145
3061,2022/08/26,108883
3062,2022/08/27,100340
3063,2022/08/28,99479
3064,2022/08/29,115810
3065,2022/08/30,102764
3066,2022/08/31,111395
3067,2022/09/01,103669
3068,2022/09/02,104870
3069,2022/09/03,87621
3070,2022/09/04,83846
3071,2022/09/05,99478
3072,2022/09/06,111495
3073,2022/09/07,120149
3074,2022/09/08,115472
3075,2022/09/09,122983
3076,2022/09/10,103559
3077,2022/09/11,98651
3078,2022/09/12,123710
3079,2022/09/13,132658
3080,2022/09/14,104602
3081,2022/09/15,97392
3082,2022/09/16,94594
3083,2022/09/17,89938
3084,2022/09/18,93136
3085,2022/09/19,117690
3086,2022/09/20,128782
3087,2022/09/21,151590
3088,2022/09/22,124415
3089,2022/09/23,107393
3090,2022/09/24,100957
3091,2022/09/25,99191
3092,2022/09/26,124507
3093,2022/09/27,129870
3094,2022/09/28,121853
3095,2022/09/29,125181
3096,2022/09/30,122873
3097,2022/10/01,90812
3098,2022/10/02,91981
3099,2022/10/03,110767
3100,2022/10/04,126937
3101,2022/10/05,110730
3102,2022/10/06,107362
3103,2022/10/07,102523
3104,2022/10/08,92336
3105,2022/10/09,96752
3106,2022/10/10,118872
3107,2022/10/11,111814
3108,2022/10/12,112252
3109,2022/10/13,128680
3110,2022/10/14,110540
3111,2022/10/15,105449
3112,2022/10/16,105755
3113,2022/10/17,116159
3114,2022/10/18,111263
3115,2022/10/19,108343
3116,2022/10/20,105699
3117,2022/10/21,104532
3118,2022/10/22,98768
3119,2022/10/23,105347
3120,2022/10/24,101951
3121,2022/10/25,156531
3122,2022/10/26,445
3123,2022/10/27,122551
3124,2022/10/28,101452
3125,2022/10/29,96943
3126,2022/10/30,93623
3127,2022/10/31,130807
3128,2022/11/01,117865
3129,2022/11/02,117496
3130,2022/11/03,108848
3131,2022/11/04,121704
3132,2022/11/05,109155
3133,2022/11/06,99840
3134,2022/11/07,114921
3135,2022/11/08,143108
3136,2022/11/09,196136
3137,2022/11/10,152541
3138,2022/11/11,124161
3139,2022/11/12,111941
3140,2022/11/13,106990
3141,2022/11/14,145064
3142,2022/11/15,126661
3143,2022/11/16,118527
3144,2022/11/17,201128
3145,2022/11/18,129206
3146,2022/11/19,127777
3147,2022/11/20,128270
3148,2022/11/21,156187
3149,2022/11/22,139292
3150,2022/11/23,132170
3151,2022/11/24,131430
3152,2022/11/25,145579
3153,2022/11/26,120721
3154,2022/11/27,169345
3155,2022/11/28,107897
3156,2022/11/29,100130
3157,2022/11/30,133079
3158,2022/12/01,113755
3159,2022/12/02,93412
3160,2022/12/03,83177
3161,2022/12/04,89870
3162,2022/12/05,112551
3163,2022/12/06,120551
3164,2022/12/07,105786
3165,2022/12/08,104067
3166,2022/12/09,96787
3167,2022/12/10,83624
3168,2022/12/11,95331
3169,2022/12/12,107250
3170,2022/12/13,104973
3171,2022/12/14,123880
3172,2022/12/15,111475
3173,2022/12/16,108929
3174,2022/12/17,89303
3175,2022/12/18,81518
3176,2022/12/19,100038
3177,2022/12/20,90756
3178,2022/12/21,88992
3179,2022/12/22,88226
3180,2022/12/23,110257
3181,2022/12/24,84020
3182,2022/12/25,86375
3183,2022/12/26,46100
