Date,Impact,classes_-1,classes_1,roberta_neg,roberta_neu,roberta_pos,tweet_volume,+1D ETH,Price Diff ETH,ETH Volume,ETH_close
2020-01-01,4255,6,14,0.17634574402,0.3986491921842105,0.4250050705368421,13987.0,0,-3.391825698000005,7935230330.4751,130.802008077
2020-01-02,9203,4,21,0.14300961114071428,0.36208928997619044,0.4949010965190476,15920.0,1,6.761530105999995,8032709256.07622,127.410182379
2020-01-03,1228,12,15,0.24167097611799998,0.43993187656,0.318397128636,19730.0,1,0.8976587829999971,10476845358.0825,134.171712485
2020-01-04,5093,1,14,0.10870167685862069,0.45667679362068964,0.43462149299999997,16357.0,1,1.2074054390000128,7430904515.09457,135.069371268
2020-01-05,6856,6,11,0.20483540498235292,0.4234336640735294,0.37173094411764707,16533.0,1,8.027377002999998,7526675353.24436,136.276776707
2020-01-06,6253,12,25,0.18848120781625,0.401396965078125,0.410121816046875,16540.0,0,-0.7601553730000035,9093747120.54445,144.30415371
2020-01-07,-819,10,23,0.17477797831870967,0.42963882498387096,0.39558317527419357,20950.0,0,-2.2858639220000043,9257954671.54302,143.543998337
2020-01-08,6715,3,13,0.11410711955428571,0.47321751685714286,0.41267535622857143,20820.0,0,-2.278937759000001,9387194956.58904,141.258134415
2020-01-09,11032,7,17,0.1608157655783784,0.4122573468108108,0.4269268965675676,20500.0,1,4.984584562000009,7697325347.90469,138.979196656
2020-01-10,8452,4,20,0.11926813056395348,0.38583942190697673,0.4948924539767442,18266.0,0,-1.036666724000014,9084816202.76711,143.963781218
2020-01-11,1809,6,14,0.1557524775810811,0.462639376945946,0.38160814860540543,15900.0,1,2.9468166949999954,9332208590.18775,142.927114494
2020-01-12,184,5,10,0.18364141127096775,0.4657853809677419,0.35057318318387093,14383.0,0,-1.6473400479999896,8528167453.24902,145.873931189
2020-01-13,3258,13,20,0.2144460970942373,0.43201611633898307,0.35353780502372883,15305.0,1,21.728767470000008,8378529469.79702,144.226591141
2020-01-14,14109,11,26,0.14385087772630137,0.453985731130137,0.40216339782191785,20772.0,1,0.2753264909999871,16712318373.0187,165.955358611
2020-01-15,5606,11,29,0.1507061031641892,0.43156807116216217,0.4177258293837838,18142.0,0,-1.8396741139999904,15173694057.1567,166.230685102
2020-01-16,4825,12,19,0.20799132783574073,0.3917156842592593,0.4002929805796296,18513.0,1,6.388946971999985,13735193017.9104,164.391010988
2020-01-17,17830,6,18,0.17559774864347827,0.4485654520217391,0.3758368102717391,17272.0,1,4.585713510000005,14997091825.8827,170.77995796
2020-01-18,3312,8,15,0.15758756132977272,0.4768396884318182,0.3655727436477273,17651.0,0,-8.395829494999987,14929342255.5251,175.36567147
2020-01-19,1121,11,10,0.26807165204714284,0.41448977442857143,0.3174385721171429,20557.0,1,0.1506673599999999,13713374132.1754,166.969841975
2020-01-20,4754,5,9,0.2107051271333333,0.4747313416666667,0.3145635254820513,18586.0,1,2.576654574999992,11144529787.0924,167.120509335
2020-01-21,7077,6,25,0.10656122990127273,0.4421165332545454,0.4513222280363637,19285.0,0,-1.4030022009999925,9789369362.47085,169.69716391
2020-01-22,11223,8,29,0.1343991832103448,0.4005465391724138,0.46505429766379314,19401.0,0,-5.365603281000006,9209827927.92133,168.294161709
2020-01-23,9483,8,17,0.18236483852822222,0.4186390774222222,0.39899608664444447,18546.0,1,0.1226244329999985,10396868698.0135,162.928558428
2020-01-24,17117,7,19,0.18367685211025642,0.37745346216666664,0.4388696939282051,16643.0,0,-1.7672465079999995,10657671161.8162,163.051182861
2020-01-25,11608,9,18,0.21353159666973684,0.34773634907894735,0.4387320563368421,13919.0,1,6.7931641360000015,8256956801.64332,161.283936353
2020-01-26,7900,5,11,0.21191332762,0.39665534336,0.391431347908,14485.0,1,2.853789943999999,9261861589.61793,168.077100489
2020-01-27,3497,12,19,0.18981206411042556,0.4030619665319149,0.40712597270212764,18223.0,1,5.4394301080000105,11004476145.2172,170.930890433
2020-01-28,3791,15,25,0.23136255966000002,0.37172671747619046,0.3969107158047619,20422.0,0,-1.3199826120000182,11772875063.6629,176.370320541
2020-01-29,11453,11,19,0.22364033579895834,0.3737961508541667,0.40256350896666665,22062.0,1,9.640138507000016,10725267310.6002,175.050337929
2020-01-30,20234,2,21,0.10669017169642855,0.4091308180238095,0.484178997547619,18452.0,0,-4.530301197,12604789338.0387,184.690476436
2020-01-31,8307,6,20,0.1792166122026316,0.3632479671578947,0.45753541822105265,17685.0,1,3.513771881999986,11728616393.8933,180.160175239
2020-02-01,-4669,9,19,0.20045691430454546,0.3826314656363636,0.4169115987,15818.0,1,4.943591047000012,11569697182.4858,183.673947121
2020-02-02,8709,8,23,0.16025787137903227,0.48449139070967745,0.35525072447580647,75543.0,1,1.247525066999998,14054425388.9062,188.617538168
2020-02-03,12728,10,36,0.15507721594710144,0.3604979215652174,0.4844248489478261,32917.0,0,-0.6144608419999997,12392875241.4011,189.865063235
2020-02-04,2700,11,20,0.18872883548833333,0.43415212435,0.37711901415,28537.0,1,14.979642305,11714191695.0612,189.250602393
2020-02-05,9784,8,22,0.17288454734919353,0.48144829858064514,0.34566715424193545,34975.0,1,8.108835046999985,14865434434.9265,204.230244698
2020-02-06,18566,7,38,0.11764069329621951,0.38806331512195125,0.4942959890487805,30260.0,1,10.386986545000012,16425589682.5221,212.339079745
2020-02-07,3977,16,28,0.19243988557400002,0.39298652116428573,0.41457358475714284,25577.0,1,0.420455454000006,16673443564.2959,222.72606629
2020-02-08,11327,11,25,0.17442076996355935,0.40302128737288134,0.42255793086101695,22495.0,1,5.432048246999983,16741203125.0677,223.146521744
2020-02-09,4391,18,21,0.261175006796875,0.40671954428125,0.3321054447078125,38674.0,0,-5.0558703609999895,15031356241.4966,228.578569991
2020-02-10,6474,11,17,0.22280146349468083,0.40754239721276597,0.36965612973617024,27170.0,1,12.328499870999991,16210008511.4996,223.52269963
2020-02-11,6369,13,27,0.18766710946534249,0.4472635465342466,0.3650693407,28117.0,1,29.55492660499999,16964695963.4936,235.851199501
2020-02-12,16868,14,42,0.16389973857628867,0.39652841095360825,0.4395718444505155,28341.0,1,2.693129938000027,24545049385.8684,265.406126106
2020-02-13,15727,13,35,0.18384373259377776,0.43863225299444447,0.3775239975022222,26869.0,1,16.118253564999975,25801317504.3066,268.099256044
2020-02-14,19250,11,47,0.12530761099898877,0.3594753065449438,0.5152170616966292,25754.0,0,-19.488924344,23558253462.7508,284.217509609
2020-02-15,-570,9,23,0.16919368033326923,0.3753505250307692,0.45545578697499994,23918.0,0,-4.833881772999973,23682452994.3183,264.728585265
2020-02-16,2430,10,19,0.20714504225000002,0.39951614391304346,0.39333880323913045,23996.0,1,6.46874281099997,25152366643.3689,259.894703492
2020-02-17,14546,12,29,0.1827620551865625,0.3835282677765625,0.433709682103125,25279.0,1,15.58113283099999,26024080088.8484,266.363446303
2020-02-18,25236,16,36,0.17906355643652175,0.4142035136195652,0.4067329189152174,29623.0,0,-22.18061639499996,26511477187.1359,281.944579134
2020-02-19,15470,8,27,0.139306599853125,0.425975503734375,0.434717879453125,31627.0,0,-1.8145077150000477,22679414412.7183,259.763962739
2020-02-20,3312,16,23,0.21217325097215192,0.45006168464556956,0.337765062521519,26789.0,1,7.651157500000011,23229828870.1201,257.949455024
2020-02-21,3010,6,20,0.12335285030326923,0.4668709578653846,0.40977617940384614,23685.0,0,-3.268891549999978,20867593292.2429,265.600612524
2020-02-22,8565,10,25,0.19224124872637932,0.35080274313793103,0.4569559935137931,24088.0,1,11.422435071999985,16906032861.6085,262.331720974
2020-02-23,4088,3,13,0.14687770445,0.42886968453571434,0.4242525855,25803.0,0,-8.537738709999985,19585998813.8732,273.754156046
2020-02-24,-1998,14,16,0.22625681857492308,0.4527421271692308,0.3210010479969231,28829.0,0,-17.39882505700001,22400845640.3032,265.216417336
2020-02-25,15418,12,35,0.15898727382533331,0.3737468885733333,0.4672658408666667,27251.0,0,-22.137326764999983,21878882134.0529,247.817592279
2020-02-26,10230,6,24,0.1322019470295349,0.3733022735348837,0.4944957727209302,27388.0,1,1.0731297619999791,26235617201.076,225.680265514
2020-02-27,2056,12,25,0.18106892926603774,0.38073261688679244,0.438198456909434,25882.0,1,0.0071062030000064,25645522789.772,226.753395276
2020-02-28,6574,9,17,0.21339767907727272,0.38476869129545455,0.40183360021136366,25289.0,0,-6.911988928999989,22563530559.1046,226.760501479
2020-02-29,2800,6,9,0.2007481989451613,0.46045390389032254,0.33879786804193546,22884.0,0,-0.8779126230000145,18181296376.3477,219.84851255
2020-03-01,2756,5,12,0.19128235174444444,0.3495082364444444,0.4592093954259259,22847.0,1,11.599181898000012,18179807469.1001,218.970599927
2020-03-02,7682,18,21,0.22543713819014083,0.4554163568873239,0.31914649851267607,25876.0,0,-6.090159493000016,20305587789.0636,230.569781825
2020-03-03,11050,2,17,0.1139918428117647,0.45492728444117647,0.43108086913235294,25782.0,1,0.0383540349999975,19853178572.3478,224.479622332
2020-03-04,56609,9,68,0.10895398196230158,0.37915156607936507,0.5118944500634921,27221.0,1,4.750212493000021,16567075208.0566,224.517976367
2020-03-05,17896,9,35,0.12451616859868422,0.41100541378947364,0.46447841710526316,26232.0,1,14.257110880999988,18201291785.2961,229.26818886
2020-03-06,4165,8,21,0.13815755324446807,0.40117617268085104,0.4606662584680851,22285.0,0,-5.6722047080000095,19374772256.2312,243.525299741
2020-03-07,2101,8,16,0.20823276455769232,0.39730121148717945,0.3944660268974359,19205.0,0,-37.16404277699999,19431652027.37,237.853095033
2020-03-08,4098,9,17,0.22544302253783782,0.3216279038108108,0.45292905644864867,19627.0,1,1.297274855000012,21381823651.3696,200.689052256
2020-03-09,-5804,11,24,0.1989296823516129,0.41764558588709677,0.3834247072096774,31167.0,0,-1.2190796840000075,23645428606.1061,201.986327111
2020-03-10,9315,7,20,0.146038198252,0.38536486762222216,0.4685969145777778,24544.0,0,-5.89871895600001,18344930072.1938,200.767247427
2020-03-11,10643,3,17,0.09801837783780488,0.4747689136829268,0.42721273226829265,23550.0,0,-82.52140471199999,16984790291.2585,194.868528471
2020-03-12,-9437,28,23,0.3622815179986842,0.34694513507894736,0.29077334911842107,44735.0,1,20.85468348000001,22134741654.7299,112.347123759
2020-03-13,-3240,18,17,0.2985271788123333,0.38242004398333335,0.3190527766666667,43020.0,0,-9.895782646,27864623060.6624,133.201807239
2020-03-14,4308,9,9,0.27906624265625,0.41638892584375,0.3045448280625,22922.0,1,1.908279719999996,12740784545.4522,123.306024593
2020-03-15,1816,7,12,0.18349836179333331,0.37760936013333335,0.4388922855333333,22102.0,0,-14.608428301000004,12719251812.5511,125.214304313
2020-03-16,440,8,9,0.2832274800532258,0.3870761433419355,0.329696372516129,27432.0,1,3.3368742159999982,15984904589.6297,110.605876012
2020-03-17,6760,9,21,0.17648370171962263,0.41567072715094344,0.40784556173584907,26159.0,1,0.8995228110000113,12087490572.2852,113.942750228
2020-03-18,8647,7,14,0.22516614737757576,0.3656023352121212,0.40923152164545457,26644.0,1,21.751584932,11617854008.6765,114.842273039
2020-03-19,5280,7,19,0.1529473234452381,0.3875624047857143,0.45949027002380954,29033.0,0,-3.856687902999994,16396753275.29,136.593857971
2020-03-20,8804,9,12,0.251456317425,0.44222226229999995,0.306321429275,28150.0,1,0.0815377809999802,18960388062.1676,132.737170068
2020-03-21,4887,5,8,0.19589639990416666,0.4723967254166667,0.33170687794166664,25403.0,0,-9.497560103999987,13684083307.7535,132.818707849
2020-03-22,2692,10,7,0.27503137400925926,0.42888036625925924,0.29608823681481483,27844.0,1,11.590464264000005,12497707223.5765,123.321147745
2020-03-23,5048,3,12,0.14381589737857142,0.42482928030714284,0.4313548170714286,28657.0,1,3.849833004000004,14149877968.1487,134.911612009
2020-03-24,13069,13,18,0.2226390563953846,0.4257707818461539,0.3515901475,31076.0,0,-2.565552105000023,14609068673.4853,138.761445013
2020-03-25,3126,4,12,0.17109820954166666,0.3939777015833333,0.4349240733875,26878.0,1,2.1656644310000104,13433092919.8647,136.195892908
2020-03-26,8324,3,15,0.11605354224861111,0.4744532472222222,0.40949322633333335,24772.0,0,-4.423617146999987,11367261176.0051,138.361557339
2020-03-27,-320,7,7,0.2590242630210345,0.47303416951724137,0.2679415284137931,24128.0,0,-2.951445308000018,11396286629.2955,133.937940192
2020-03-28,4365,2,12,0.11521200683703704,0.4181889662222222,0.46659903244444445,20983.0,0,-5.402764442999995,12162403960.3873,130.986494884
2020-03-29,6698,2,13,0.1037360012825,0.31887823815000005,0.5773857418799999,22187.0,1,7.32080762199999,9938133668.53392,125.583730441
2020-03-30,10129,3,16,0.09779049123636363,0.39588661616666665,0.5063228707575758,24425.0,1,0.6890269940000167,11841123306.4222,132.904538063
2020-03-31,13279,9,17,0.17316215993953488,0.439961761872093,0.3868760847906976,24944.0,1,2.0409872790000065,11065246316.9778,133.593565057
2020-04-01,8478,4,25,0.11248200183931818,0.3414431196136363,0.5460748862613637,27700.0,1,6.394595294999988,12456564434.6682,135.634552336
2020-04-02,53065,4,20,0.12715832904871793,0.372504325974359,0.500337317051282,29947.0,1,0.0621622429999888,15322861686.0569,142.029147631
2020-04-03,-906,10,14,0.22031652305750002,0.41760918535,0.362074272025,33185.0,1,3.1280747480000173,13184603401.9239,142.091309874
2020-04-04,8716,3,12,0.10906179919200001,0.38116908084,0.5097690853,28502.0,0,-1.6727359120000074,11946658256.7012,145.219384622
2020-04-05,-10720,19,19,0.28340765591406253,0.419392390734375,0.2971999632,25533.0,1,25.589235884999997,11280993590.8495,143.54664871
2020-04-06,10970,4,18,0.11874510145268292,0.4782172245365854,0.40303767496341464,32118.0,0,-4.033942069999995,21636382525.0974,169.135884595
2020-04-07,8462,4,14,0.11890905623571428,0.48521422876190473,0.39587671303809524,32171.0,1,7.5397912640000015,21659346091.3178,165.101942525
2020-04-08,966,11,9,0.20677223230638297,0.5225306937234042,0.2706970613276596,30033.0,0,-1.834586303000009,17063110836.1549,172.641733789
2020-04-09,-2129,12,18,0.2246628295332558,0.37936570846511625,0.39597147422093026,29133.0,0,-12.394698877999986,14901696210.1146,170.807147486
2020-04-10,8618,6,16,0.1627603000857143,0.4521590012142857,0.38508069770000003,28128.0,0,-0.1964249290000168,17980944615.7097,158.412448608
2020-04-11,1796,3,11,0.1339239533357143,0.4566141004285714,0.409461945525,22432.0,1,2.926396466,13555089447.1146,158.216023679
2020-04-12,7408,2,8,0.13080938465238093,0.47011332509523807,0.39907729901428574,23749.0,0,-4.862871050999985,15123721385.9445,161.142420145
2020-04-13,4549,2,10,0.1224104506,0.4517567402173913,0.4258328234782609,26814.0,1,1.3168465869999864,16465282132.7883,156.279549094
2020-04-14,16268,8,17,0.1648754073940909,0.41967657690909094,0.4154479973409091,31671.0,0,-4.309502775999988,14723156630.0595,157.596395681
2020-04-15,8581,10,21,0.20569607065581397,0.34654378102325584,0.4477601657116279,28889.0,1,18.870489916,14171753736.5254,153.286892905
2020-04-16,18709,3,35,0.06975448983821428,0.3766341989910714,0.5536112919464286,30583.0,0,-0.5188001139999869,22910469235.6043,172.157382821
2020-04-17,9370,9,20,0.17863855166666667,0.40813583075,0.4132255998875,28790.0,1,15.27542313699999,16714684265.8828,171.638582707
2020-04-18,5379,8,22,0.16797234465849056,0.4319646019679245,0.40006304273584903,25279.0,0,-5.299046701999998,20160323442.9954,186.914005844
2020-04-19,-2525,8,10,0.24070251583636365,0.41326551078787876,0.34603195163636363,25819.0,0,-9.317801567000004,19146038381.4492,181.614959142
2020-04-20,-4651,10,15,0.21255216822765957,0.4438065601276595,0.34364128153191487,34822.0,1,0.4405429560000016,21266681335.1588,172.297157575
2020-04-21,-8136,8,17,0.19256263650162164,0.34244321743243245,0.4649941344594595,32492.0,1,9.861874269999989,16458767984.0892,172.737700531
2020-04-22,1200,8,11,0.1591301452289474,0.4715755662368421,0.369294292631579,30981.0,1,2.429096032000018,17994666394.6491,182.599574801
2020-04-23,14669,12,29,0.19470049278275864,0.30284447581034485,0.5024550160862069,35498.0,1,4.20827104,21275740032.2271,185.028670833
2020-04-24,5305,4,16,0.123211099315625,0.35162341190625,0.5251654798875,32567.0,1,6.278358808000007,16788555028.0547,189.236941873
2020-04-25,-404,8,7,0.2235552718,0.5285029201351351,0.24794183025135133,33355.0,1,1.8022295029999784,18260969748.1499,195.515300681
2020-04-26,-70,8,15,0.22846298732916667,0.3945421788611111,0.37699481413888886,33495.0,0,-0.092808983999987,18335367011.6376,197.317530184
2020-04-27,7999,7,19,0.18518659786511626,0.4389186259534884,0.37589476901627905,39379.0,1,1.1906617939999933,18670194594.8337,197.2247212
2020-04-28,18060,9,19,0.152371403705,0.43537036464814816,0.4122582239814815,41546.0,1,18.552840860999996,18217507467.0215,198.415382994
2020-04-29,4309,7,19,0.16862225513499998,0.42273002127777776,0.40864772697592594,48269.0,0,-9.366167959999984,26397548759.2642,216.968223855
2020-04-30,9981,6,23,0.13599479220960786,0.40179027434313724,0.46221493299999994,50532.0,1,6.617050487,28089191903.9978,207.602055895
2020-05-01,3262,9,16,0.19753423367444445,0.40712292342222217,0.3953428409777778,40443.0,1,1.1062778379999827,20816320833.5286,214.219106382
2020-05-02,10160,2,13,0.0997929235,0.3901508113043478,0.5100562543478261,42783.0,0,-4.392227289999994,18260876092.1731,215.32538422
2020-05-03,1880,4,7,0.20287147544,0.45554058709999995,0.34158795478,43879.0,0,-2.759145988,20469034664.1327,210.93315693
2020-05-04,16469,7,27,0.14825266673359375,0.397535442921875,0.454211897478125,43373.0,0,-1.3996064110000077,22602446421.767,208.174010942
2020-05-05,6578,10,24,0.17597625393277777,0.39297904233333336,0.4310446959074074,50889.0,0,-2.718622277999998,19004689099.1832,206.774404531
2020-05-06,-79060,12,22,0.20850244100983606,0.39276082086393443,0.3987367286639344,55866.0,1,8.233623534000003,20343543799.0392,204.055782253
2020-05-07,8018,4,19,0.16051803457674418,0.42880170751162794,0.4106802571325581,59654.0,1,0.7021740190000116,23594744655.394,212.289405787
2020-05-08,8386,5,14,0.15394187206666668,0.43158603782051286,0.41447210733333334,53749.0,0,-1.3914562399999966,20445139356.3264,212.991579806
2020-05-09,11243,2,19,0.13280412172857142,0.3763965027142857,0.4907993754,42273.0,0,-23.00055313000001,18950547549.2131,211.600123566
2020-05-10,2267,6,14,0.20831825698285714,0.4230646686,0.3686170986857143,41923.0,0,-2.68673348599998,25211575192.6674,188.599570436
2020-05-11,10188,10,29,0.15807527913769231,0.41201968226153846,0.4299050227830769,82838.0,1,3.399665318999979,20054601646.7873,185.91283695
2020-05-12,-7393,5,24,0.10890885887321429,0.43587719910714284,0.4552139272071428,60453.0,1,9.880781159000009,15899726283.7581,189.312502269
2020-05-13,18545,11,32,0.15496332849620253,0.4369677243670886,0.4080689508227848,46507.0,1,3.755817344000008,17054662288.5919,199.193283428
2020-05-14,27204,7,33,0.12299600406500001,0.38932972303030305,0.4876742645666666,48588.0,0,-7.326442431000004,20150524860.6463,202.949100772
2020-05-15,7370,7,32,0.14093049061411764,0.40039645700588233,0.458673058007353,38102.0,1,5.054460255000009,16602342092.1298,195.622658341
2020-05-16,8905,10,25,0.16561015715307692,0.38210164536538466,0.4522881843961538,40293.0,1,6.481575736999986,15379081644.7062,200.677118596
2020-05-17,4925,9,15,0.21246630652727275,0.4278988668409091,0.35963480981818186,33797.0,1,7.366360874999998,15470397302.6915,207.158694333
2020-05-18,-15430,13,23,0.20427806568825396,0.4130300842698413,0.3826918412904762,38987.0,0,-1.073944296999997,17411566927.5013,214.525055208
2020-05-19,15591,7,23,0.10124980940451613,0.4679440748870968,0.43080610451612905,31927.0,0,-3.3543753179999958,14346192778.7086,213.451110911
2020-05-20,14167,9,32,0.14466140762957747,0.41456246073239433,0.440776130028169,33468.0,0,-10.213130041,12730175510.5633,210.096735593
2020-05-21,14025,8,32,0.13376948940672131,0.4115988091311475,0.45463169276229504,36198.0,1,7.285589071999993,13308321228.8459,199.883605552
2020-05-22,12572,8,23,0.14244931430428573,0.41911987141071433,0.4384308249107143,46283.0,1,1.525208219999996,12041592113.5988,207.169194624
2020-05-23,13661,9,21,0.19079750996730768,0.4449144269038462,0.3642880561961538,27771.0,0,-6.324051875000009,10665476767.6428,208.694402844
2020-05-24,1007,9,14,0.23416909408292683,0.4025967964634146,0.36323408651219513,30235.0,1,2.949399127000021,11833299571.9749,202.370350969
2020-05-25,24907,11,27,0.16632196282711864,0.3998684891694915,0.4338095567881356,34450.0,0,-3.4174400980000144,10415044123.5561,205.319750096
2020-05-26,16175,7,24,0.16761799365629632,0.3949853413703704,0.4373966627444444,30190.0,1,6.96111936600002,10159741290.3502,201.902309998
2020-05-27,701,9,15,0.1948202764254762,0.3632634684952381,0.4419162469285714,34046.0,1,10.977001959999996,10631034756.4509,208.863429364
2020-05-28,48267,5,35,0.09435556012268657,0.37287448637313436,0.5327699497805971,38537.0,1,0.8346929509999939,12212469603.9905,219.840431324
2020-05-29,12219,9,28,0.13649143973913794,0.39022064251724137,0.4732878929810345,34052.0,1,21.670465914000005,12265816557.4289,220.675124275
2020-05-30,13453,8,23,0.1840565613711111,0.34140637986666666,0.47453707103333337,29372.0,0,-11.369889333000003,15027397866.509,242.345590189
2020-05-31,1925,11,10,0.28041037914864864,0.411100889027027,0.30848873634324325,28806.0,1,16.016059471000005,12234904813.3392,230.975700856
2020-06-01,15822,9,33,0.14949246718757142,0.39560415059285714,0.45490338513714285,34801.0,0,-9.772698794000007,13951727936.4523,246.991760327
2020-06-02,7932,11,27,0.16414426045507247,0.44967712495507245,0.386178609268116,48257.0,1,6.960262513999993,13782107566.7125,237.219061533
2020-06-03,18589,3,21,0.06966909590534884,0.4264944139302326,0.5038364905581395,32772.0,1,0.2470635280000124,9861760817.12703,244.179324047
2020-06-04,40268,8,36,0.11094838937315069,0.41391570520547943,0.47513589452054794,33808.0,0,-3.2043958170000053,10170414303.5273,244.426387575
2020-06-05,-4036,8,17,0.16554704172857143,0.48734590846428577,0.34710704767499995,31415.0,1,0.7093283629999974,9293963913.72746,241.221991758
2020-06-06,7411,5,22,0.14251038036086958,0.40548564954347827,0.45200396591739134,26066.0,1,3.2359390230000145,8114873844.8001,241.931320121
2020-06-07,3648,2,12,0.12745967125,0.48425840736666664,0.38828191333333334,26035.0,1,1.1426394149999908,9544883157.42203,245.167259144
2020-06-08,9160,13,36,0.17159590454678572,0.40335888223809524,0.42504520160952386,30802.0,0,-1.3984447340000088,8076783298.94849,246.309898559
2020-06-09,14609,5,28,0.10357228438596154,0.4120868274230769,0.48434088595,33586.0,1,2.5334899070000176,8446545787.72598,244.911453825
2020-06-10,19750,3,44,0.06203924454575001,0.40687868875,0.5310820456,35740.0,0,-15.742274311000015,8792990205.54989,247.444943732
2020-06-11,6323,15,22,0.2162536812121875,0.4060030654765625,0.3777432487953125,34444.0,1,5.790540863000018,12356528860.4776,231.702669421
2020-06-12,12759,8,26,0.14551252239019608,0.4189083520392157,0.435579109,34530.0,1,1.4156325129999914,8868955009.12327,237.493210284
2020-06-13,3839,11,12,0.24625876273809524,0.4239527463571428,0.3297884956666667,30524.0,0,-4.794147584000001,7141624979.75205,238.908842797
2020-06-14,2500,7,15,0.18770844670869566,0.4853434045869566,0.3269481400673913,24592.0,0,-4.185793453999992,7439385176.17291,234.114695213
2020-06-15,21027,8,31,0.1478359574352,0.31757365448,0.534590391112,28560.0,1,4.48727234499998,10536099884.1166,229.928901759
2020-06-16,14315,9,31,0.13949765171236111,0.4148417800138889,0.44566056254027775,28992.0,0,-1.3878946209999867,7965648016.42445,234.416174104
2020-06-17,13443,3,33,0.09360326112397059,0.42562871573529415,0.4807680214558823,23559.0,0,-0.9271168500000044,7701391591.86815,233.028279483
2020-06-18,61909,7,38,0.11075972471312498,0.396823427375,0.49241683464,23904.0,0,-4.962872847999989,6713800871.61371,232.101162633
2020-06-19,17322,11,25,0.18466714321314287,0.44467085842857146,0.3706620072542857,29522.0,1,2.1359670069999765,6946372589.52751,227.138289785
2020-06-20,3025,7,15,0.1874930396446154,0.42891330582051285,0.3835936690871795,26154.0,0,-0.2844362879999949,6252830565.7274,229.274256792
2020-06-21,18118,12,21,0.2124167553413793,0.4031130032413793,0.38447025587413797,26333.0,1,13.543372636000017,5600408177.54414,228.989820504
2020-06-22,3072,10,49,0.0961315742723301,0.41216103469902915,0.49170739803883495,33399.0,1,1.608951165999997,9079586552.41625,242.53319314
2020-06-23,14664,5,32,0.09626484506428572,0.4225566245342857,0.4811785283042857,34373.0,0,-8.369682215000012,6624530348.23615,244.142144306
2020-06-24,27297,13,24,0.18192043852307693,0.45677978610256414,0.3612997734564103,32446.0,0,-2.827975396,8815030024.6531,235.772462091
2020-06-25,27926,8,31,0.1494166849442857,0.41224092945714286,0.43834237624285716,31154.0,0,-3.2764474450000023,7010426122.49538,232.944486695
2020-06-26,8069,8,26,0.1443825222783582,0.444321807641791,0.4112956728880597,30758.0,0,-6.708253310999993,7187490225.5069,229.66803925
2020-06-27,1808,12,14,0.3249439825090909,0.2847014197121212,0.39035457754545455,28444.0,1,2.387382494999997,6918380954.96753,222.959785939
2020-06-28,11964,8,17,0.19511206605263157,0.3825022042894737,0.4223857438552632,28965.0,1,2.8476982669999984,6205925718.18911,225.347168434
2020-06-29,32060,9,71,0.08875762115451613,0.19563059660215054,0.7156117294075269,32380.0,0,-1.879869342999996,6726164653.25879,228.194866701
2020-06-30,16413,14,82,0.11244493953942446,0.27746159134028775,0.6100934452266187,28895.0,1,4.798424353999991,6094093001.38843,226.314997358
2020-07-01,18809,10,29,0.12313885924041097,0.4477617120684932,0.4290994068273972,26910.0,0,-1.7212201299999776,6463737442.7548,231.113421712
2020-07-02,-3896,14,27,0.20787727760869565,0.38657742584927535,0.4055453007202898,26683.0,0,-4.005138323000011,6212210566.42201,229.392201582
2020-07-03,16315,16,31,0.18618942063777777,0.37639372234722224,0.43741685824305554,25726.0,1,3.687049034000012,5109032700.30978,225.387063259
2020-07-04,5370,3,13,0.13095340024333332,0.4359081246666667,0.43313847466666666,24368.0,0,-1.409513584000024,5228310135.25311,229.074112293
2020-07-05,10632,10,22,0.18218212187923077,0.4192353697788462,0.3985825109096154,20039.0,1,13.84562641300002,5292172428.83374,227.664598709
2020-07-06,21914,10,46,0.12382579214076923,0.416032188978022,0.4601420105054945,27694.0,0,-2.4346967930000005,8782917552.8496,241.510225122
2020-07-07,15316,11,33,0.15855160483929412,0.424675513,0.41677289133529416,22547.0,1,7.594487028999993,6441497597.21395,239.075528329
2020-07-08,35475,6,48,0.11067302057,0.4391307837752294,0.4501961846559633,22723.0,0,-3.654047528999996,9892586411.24723,246.670015358
2020-07-09,23322,11,34,0.13714610668205127,0.41146349385897435,0.4513903999820513,24645.0,0,-2.0309826220000105,8429099198.82344,243.015967829
2020-07-10,19489,9,27,0.15064091019142856,0.40724178484285717,0.4421172943857143,24965.0,0,-1.5268082769999864,7281370521.9948,240.984985207
2020-07-11,15653,2,24,0.10151161330204081,0.4294680590408163,0.46902031358571433,22288.0,1,2.6735183049999875,5643067315.96068,239.45817693
2020-07-12,29136,12,19,0.21912264392510206,0.35424830373469385,0.4266290436571429,19664.0,0,-2.527110394999994,6596394717.63645,242.131695235
2020-07-13,15713,6,29,0.109859984795,0.42089494936764704,0.4692450671470588,25309.0,1,0.6069093369999905,7787751467.56729,239.60458484
2020-07-14,23295,12,46,0.12197957863391304,0.38771563484782606,0.49030477021739133,35940.0,0,-1.787967229000003,7357458554.75763,240.211494177
2020-07-15,-125028,79,45,0.35445340588114943,0.3711707861551724,0.27437580880574713,54174.0,0,-4.782643934999982,6189328448.08304,238.423526948
2020-07-16,13685,26,39,0.23088503139702973,0.4011074366138614,0.36800752372277223,56131.0,0,-0.8677974000000006,5832057567.02746,233.640883013
2020-07-17,5000,18,29,0.23712477572698926,0.4181513455268817,0.3447238786268817,24865.0,1,2.710719605999998,5859850528.65314,232.773085613
2020-07-18,6870,3,16,0.11655096691875,0.43527116335000005,0.4481778586324999,24865.0,1,3.0037184960000047,5397402116.73989,235.483805219
2020-07-19,2621,12,16,0.2205767414122807,0.46103119175438595,0.3183920475140351,18893.0,0,-2.3343560069999967,6251377304.55921,238.487523715
2020-07-20,18003,13,43,0.14337198767142859,0.3976694037252747,0.45895861894395606,24912.0,1,8.863560781999979,5600686192.17847,236.153167708
2020-07-21,20958,9,48,0.11274539464861387,0.42225254345544555,0.4650020578712871,27374.0,1,17.173927802000037,6806696014.6769,245.01672849
2020-07-22,50473,9,61,0.10848189585441176,0.4547082696102941,0.43680982858455886,25069.0,1,12.498392753999951,7702077382.78775,262.190656292
2020-07-23,22795,18,42,0.17560726146009434,0.4383530818396227,0.3860396479971698,27632.0,1,4.52636043800004,10281309261.7956,274.689049046
2020-07-24,17027,14,49,0.15467441653887753,0.38285604971836734,0.4624695149428571,27407.0,1,24.841351712999995,9466060358.15756,279.215409484
2020-07-25,18267,9,43,0.13242870033655912,0.42164823259139783,0.4459230736623656,27808.0,1,5.5868480949999935,10785021812.5683,304.056761197
2020-07-26,35269,14,40,0.161665664965,0.41261800980851066,0.4257163228276596,30432.0,1,11.870478888999967,12003973025.6976,309.643609292
2020-07-27,20076,12,49,0.11818828982652542,0.4511934992161017,0.4306182013855932,51139.0,0,-4.856835839999974,15644257058.4918,321.514088181
2020-07-28,23794,20,50,0.17003738108583336,0.39438547568518517,0.43557714294907407,45495.0,1,1.5336320779999824,12357108064.5674,316.657252341
2020-07-29,26810,12,37,0.131579088855914,0.4489101325430107,0.4195107808602151,33785.0,1,16.395744863000004,10878845706.0157,318.190884419
2020-07-30,40811,16,71,0.13746440599263568,0.3213353013604651,0.5412002891139535,32625.0,1,10.968020024999989,11827689045.337,334.586629282
2020-07-31,11913,16,37,0.165400547924375,0.433736903125,0.4008625604,30055.0,1,39.64507001800001,12030600491.5271,345.554649307
2020-08-01,27899,22,56,0.18166651662860467,0.383868341131783,0.4344651347170543,39913.0,0,-14.528007833000004,14045259476.5426,385.199719325
2020-08-02,6902,27,39,0.24444661863831776,0.4019220165373832,0.3536313632813084,33109.0,1,15.623461945000033,18909744275.0564,370.671711492
2020-08-03,10716,18,51,0.14504152125644296,0.45506890802684563,0.3998895595395973,29874.0,1,3.580311698999992,12834648062.1108,386.295173437
2020-08-04,17429,15,44,0.13816736249083333,0.46796991825833334,0.3938627104983333,29318.0,1,11.715101204000009,14086704220.9606,389.875485136
2020-08-05,21519,19,47,0.14968035320508474,0.4426195065677966,0.4077001327491525,38033.0,0,-6.628629192999995,12875466638.4325,401.59058634
2020-08-06,10575,22,35,0.21257963500921567,0.42202240391176477,0.3653979552156863,38775.0,0,-15.449102108000034,11304626458.1089,394.961957147
2020-08-07,19585,25,40,0.2176413698263359,0.43816339456106873,0.3441952324603053,37514.0,1,14.47452102599999,12751687083.9109,379.512855039
2020-08-08,1069,37,33,0.28721861688943084,0.4312201472601626,0.28156124082926826,29019.0,0,-2.866921121999951,9342060531.02452,393.987376065
2020-08-09,8287,29,37,0.23939616650406503,0.43538304480487805,0.3252207831308943,25986.0,1,4.767114564999986,9451065592.32828,391.120454943
2020-08-10,17835,35,51,0.22887632509339745,0.4152983579487179,0.3558253175641026,35606.0,0,-15.503501223,11685827893.4464,395.887569508
2020-08-11,17279,17,38,0.16370395441854546,0.4331001061909091,0.4031959270636364,33567.0,1,10.64009377299999,12792218736.9704,380.384068285
2020-08-12,12148,29,41,0.21939645361119658,0.4143184457008547,0.3662851057008547,35237.0,1,37.71762022399997,12408772745.1829,391.024162058
2020-08-13,15195,29,54,0.19938117624348387,0.4333766296580645,0.3672421939703226,30485.0,1,8.656057239000006,18480303525.5272,428.741782282
2020-08-14,15421,19,36,0.2025768391881356,0.4782084388694915,0.31921471586779665,38124.0,0,-4.042913026000008,15064589987.0928,437.397839521
2020-08-15,8546,12,46,0.14941133088588235,0.4047452369313726,0.4458434184872549,39156.0,1,0.4316834880000328,12416067894.221,433.354926495
2020-08-16,15918,13,33,0.14368350420967033,0.44782296678021977,0.4084935303439561,29007.0,0,-4.255357649000018,12168816874.4955,433.786609983
2020-08-17,20364,25,56,0.20402673729603174,0.3777419099365079,0.4182313547452381,40655.0,0,-5.861936679999985,13227089409.9208,429.531252334
2020-08-18,-295,27,46,0.22274606726946153,0.43115775785384614,0.3460961673615385,38262.0,0,-17.20552882999999,11978984078.5704,423.669315654
2020-08-19,24839,21,48,0.16954721119347457,0.42422210227542373,0.4062306752118644,36164.0,1,9.97600805899998,13137391166.8496,406.463786824
2020-08-20,32719,16,57,0.14858470340458335,0.38512426214999995,0.4662910215791667,33256.0,0,-27.313444575000005,10043032427.1609,416.439794883
2020-08-21,398,12,30,0.162094287230125,0.43783171027499995,0.40007398977499997,34177.0,1,6.708790907000036,11781796374.0018,389.126350308
2020-08-22,9886,10,28,0.1669577558689655,0.3646424943275862,0.4683997475413793,27846.0,0,-4.450641372999996,10131847985.2902,395.835141215
2020-08-23,17605,15,33,0.18503756165227847,0.39098180206962024,0.42398062330379743,28557.0,1,16.759707306999985,8137303969.58262,391.384499842
2020-08-24,30722,7,50,0.09024652298234043,0.4147591935744681,0.49499428404255325,32820.0,0,-24.143164114,10328860398.4294,408.144207149
2020-08-25,15572,19,35,0.2086092082135484,0.4123015320752689,0.37908925781612907,36405.0,1,2.4650811760000124,12428442042.1937,384.001043035
2020-08-26,10539,23,38,0.22147054882214287,0.38202450559183676,0.39650494282244897,31857.0,0,-3.833492088000014,9967343483.07735,386.466124211
2020-08-27,12703,16,38,0.15337644174979798,0.42886766542424243,0.4177558808636364,32432.0,1,13.242033969999966,10457777651.6621,382.632632123
2020-08-28,14240,11,41,0.13711233815144577,0.3905536071445783,0.47233406874698797,34517.0,1,4.046804945000019,9120674421.40906,395.874666093
2020-08-29,7445,7,20,0.17455521025150944,0.448934796,0.3765099846415095,26986.0,1,28.47424655700001,8777703480.5025,399.921471038
2020-08-30,9223,17,30,0.233006191083375,0.3828648120875,0.3841289839725,27893.0,1,6.684027670999967,11211948040.289,428.395717595
2020-08-31,28675,16,39,0.15821499802528846,0.4311115614326923,0.4106734401384615,29068.0,1,41.97217888800003,12774741797.1348,435.079745266
2020-09-01,45229,28,69,0.18220061077158825,0.4066975581705882,0.41110183106352943,35393.0,0,-37.01141726700001,18862763755.9624,477.051924154
2020-09-02,6503,24,39,0.21555835551784483,0.42965146792586206,0.3547901772560345,32608.0,0,-54.36857851799999,19691854013.5079,440.040506887
2020-09-03,16841,19,40,0.17507743087383335,0.44667686701416665,0.37824571014416664,37151.0,1,2.5692120460000183,19622845896.3384,385.671928369
2020-09-04,12784,13,32,0.1832989589695181,0.3917064834662651,0.4249945475542169,34973.0,0,-52.98106133600004,16747106257.3669,388.241140415
2020-09-05,-292,28,25,0.3082692791557895,0.42317291714736843,0.26855778610526315,28115.0,1,18.10218660000004,29880047640.4876,335.260079079
2020-09-06,-4996,21,22,0.28549512169402985,0.3700850675373134,0.3444198235119403,23088.0,0,-0.6887709250000285,27643678916.8941,353.362265679
2020-09-07,17960,4,31,0.09753360651387097,0.4292889132903226,0.47317749073387094,30832.0,0,-15.071382857999993,21763614731.5767,352.673494754
2020-09-08,18420,9,33,0.14080593924642856,0.43099929585714286,0.42819477225,28540.0,1,13.50790463200002,17991403431.6075,337.602111896
2020-09-09,17417,9,39,0.12104200421846939,0.4472677448265306,0.43169024235204084,30051.0,1,16.991890544,14547933520.4245,351.110016528
2020-09-10,24033,17,31,0.19184759539820512,0.3936085584038461,0.4145438401923077,29885.0,1,6.593681683,31421134556.3382,368.101907072
2020-09-11,11546,10,34,0.1397072779392405,0.4117085523227848,0.44858416794936706,30008.0,1,12.487520857999982,27296269328.6057,374.695588755
2020-09-12,4827,9,20,0.18124604187298243,0.4613380771491228,0.35741588319298245,27451.0,0,-21.613104566000004,13295405814.3959,387.183109613
2020-09-13,77551,13,18,0.2512594283633333,0.41948645315,0.32925411302499996,27955.0,1,11.698870020000015,15005899191.1031,365.570005047
2020-09-14,24203,10,33,0.1396596967146739,0.445469724173913,0.4148705876304348,29947.0,0,-12.42965683700004,17536695360.6158,377.268875067
2020-09-15,27856,6,40,0.10339958109135802,0.420890743271605,0.4757096755925926,34641.0,1,0.9730730860000564,16140584321.1878,364.83921823
2020-09-16,22892,15,38,0.189977427816,0.3829607737444445,0.42706177686222224,35407.0,1,23.20692836999996,16107612177.0569,365.812291316
2020-09-17,43961,18,50,0.16915237057966387,0.3760647019747899,0.45478292233697476,33417.0,0,-4.654677708000008,19899531080.4999,389.019219686
2020-09-18,33208,13,43,0.16310610630646466,0.40608071362626263,0.4308131668060606,31357.0,1,1.1798416260000408,14108357740.4861,384.364541978
2020-09-19,-70302,18,26,0.22328056264705884,0.4003536838676471,0.3763657592058824,29151.0,0,-14.491557416000036,11049507683.5861,385.544383604
2020-09-20,1862,11,17,0.21348899360566037,0.45172922641509433,0.33478176818301886,26571.0,0,-29.266752128000007,12292195784.1144,371.052826188
2020-09-21,30488,17,22,0.22835705202424655,0.4162178034041096,0.3554251485575342,32418.0,1,2.7170882570000003,17398267133.3014,341.78607406
2020-09-22,24149,6,32,0.12146617418942858,0.3864917226357143,0.4920421002742857,38132.0,0,-23.386844976999956,12732578043.008,344.503162317
2020-09-23,5678,12,25,0.19262540472141026,0.4571122060641025,0.35026238732948717,47367.0,1,28.239267799999997,12899346599.434765,321.11631734
2020-09-24,29863,8,34,0.13690075516582279,0.4170025545443038,0.44609668118987345,37643.0,1,2.827659600000004,15714304469.551537,349.35558514
2020-09-25,39104,11,47,0.09035535667473282,0.528206600148855,0.38143802161832063,38495.0,1,3.3048456299999884,14381086966.402643,352.18324474
2020-09-26,17154,14,22,0.21454847651333334,0.42740675925,0.35804474563333333,25955.0,1,1.9504068699999948,13049148578.633314,355.48809037
2020-09-27,10894,9,12,0.23094074636938774,0.47633150508163263,0.29272776952040813,37113.0,0,-2.279073649999986,13598126926.217398,357.43849724
2020-09-28,18834,10,33,0.14766591642875,0.3827627811640625,0.469571299196875,34219.0,1,4.597970339999961,14258455166.170256,355.15942359
2020-09-29,23060,12,30,0.17276681610808822,0.39979399104411767,0.42743920162058824,32020.0,1,0.1804798300000243,11600013236.401506,359.75739393
2020-09-30,22425,7,38,0.1051164590761039,0.4107535755064935,0.4841299568961039,33290.0,0,-6.731958940000027,11818610609.911312,359.93787376
2020-10-01,39697,19,47,0.19031758108839286,0.38199143931249996,0.42769096695267855,35755.0,0,-6.967001019999998,14679481910.903145,353.20591482
2020-10-02,6037,7,20,0.12313066797288136,0.48062369357627116,0.39624564122033895,32092.0,1,0.2831719200000293,14215390462.624027,346.2389138
2020-10-03,95,7,24,0.13047889713953126,0.460446261828125,0.4090748265890625,29374.0,1,6.056920979999973,10060167888.725325,346.52208572
2020-10-04,17546,8,23,0.157666669598,0.34224943566,0.500083900234,31026.0,1,1.3777648399999975,10696959019.87096,352.5790067
2020-10-05,22428,12,31,0.15661520464136985,0.3923639526027397,0.4510208251712328,29324.0,0,-13.140926159999992,11809507621.821072,353.95677154
2020-10-06,16892,19,38,0.17023426291851063,0.4020743470531915,0.4276913909946809,30843.0,1,0.9928236000000084,12830796111.973305,340.81584538
2020-10-07,14318,9,32,0.1541393368756757,0.4207745629324324,0.4250860923472973,34215.0,1,8.957490360000008,11929918060.017431,341.80866898
2020-10-08,23839,9,25,0.15259371109189188,0.46396588077027023,0.3834404122972973,42037.0,1,14.824317889999977,13461017711.458864,350.76615934
2020-10-09,30652,6,37,0.11061893695260275,0.37394766701917803,0.5154333903150684,41653.0,1,5.377110960000039,13043501762.905722,365.59047723
2020-10-10,24974,10,34,0.16647928132986112,0.3706984859513889,0.46282223833333336,37385.0,1,4.174461220000012,13618484323.701302,370.96758819
2020-10-11,-1153,11,19,0.1785644318392857,0.4581561481785714,0.36327940498214284,33070.0,1,12.58921608999998,12584512532.997314,375.14204941
2020-10-12,25379,10,44,0.13126866852023808,0.3364450845,0.5322862352071428,32811.0,0,-6.540504240000018,15867455423.689083,387.7312655
2020-10-13,17891,13,29,0.1461285025768889,0.46817498836666666,0.3856964963222222,33789.0,0,-1.7067233500000043,14226744837.67406,381.19076126
2020-10-14,19850,6,33,0.0980842383627381,0.4572833305714286,0.4446324021071429,87570.0,0,-2.0421921699999643,13918846566.589346,379.48403791
2020-10-15,26805,8,49,0.10902919223999999,0.3901085875468085,0.5008622216595745,63222.0,0,-11.212828460000026,14964182545.498398,377.44184574
2020-10-16,36267,8,31,0.14855319675791046,0.39490555,0.4565412547119403,36596.0,1,2.626923099999999,14670784817.427193,366.22901728
2020-10-17,10079,10,13,0.20643693634871796,0.453741085974359,0.33982199164102567,29771.0,1,9.35775756999999,10951115359.491545,368.85594038
2020-10-18,-23887,14,23,0.192395079764,0.4470510259066666,0.3605538804226667,26901.0,1,1.7219113200000038,11047103109.419369,378.21369795
2020-10-19,51099,9,40,0.1103084705905,0.38594900885,0.5037425297875,31375.0,0,-10.798694360000011,12811242091.78954,379.93560927
2020-10-20,2854,11,30,0.14744822617463768,0.424454240426087,0.4280975329710145,37581.0,1,23.05305204000001,13741586581.762468,369.13691491
2020-10-21,87726,17,85,0.11201642975184357,0.4246213990502793,0.46336217240446925,64870.0,1,21.58302574000004,20241324322.324265,392.18996695
2020-10-22,21484,13,48,0.12789914489030532,0.48145492348091606,0.3906459336389313,43790.0,0,-4.006301050000047,15772846484.71008,413.77299269
2020-10-23,10269,8,33,0.12628383340043478,0.4269848624202898,0.4467312945362319,35777.0,1,2.690927190000025,14256222051.84666,409.76669164
2020-10-24,6939,6,18,0.13236833400734693,0.43866736183673466,0.42896426932653065,32175.0,0,-6.239857529999995,12201739193.972786,412.45761883
2020-10-25,8008,6,20,0.15454355038526313,0.432820785245614,0.412635667245614,28445.0,0,-12.329448170000036,10890207469.017435,406.2177613
2020-10-26,8750,18,33,0.2130299671215294,0.4157898155682353,0.3711802202729412,36554.0,1,10.108731920000023,15155684229.20082,393.88831313
2020-10-27,22201,11,42,0.1343253160982653,0.4217376511734694,0.4439370391020408,44889.0,0,-15.346274329999972,13940434101.855663,403.99704505
2020-10-28,27749,15,41,0.15940946416545454,0.3984120468181818,0.4421784781931818,36385.0,0,-1.9206572200000096,15276441134.25126,388.65077072
2020-10-29,13857,13,34,0.15756942476975308,0.4065818122839506,0.4358487526765432,36808.0,0,-3.9101215100000095,12920477749.39854,386.7301135
2020-10-30,18846,5,30,0.11882303080062499,0.4009931993046875,0.4801837603859375,32806.0,1,3.770343299999979,13688056969.674105,382.81999199
2020-10-31,13760,8,24,0.17569512094450979,0.37940247845098035,0.4449023869313726,49308.0,1,9.767851640000003,11276963425.945831,386.59033529
2020-11-01,15717,5,20,0.1353179838301852,0.42123076314814817,0.4434512735185185,40439.0,0,-13.201454369999963,10475146018.401863,396.35818693
2020-11-02,18912,10,23,0.16422258713272725,0.42305471103636366,0.41272271714545455,32602.0,1,4.445440719999965,13997574252.227282,383.15673256
2020-11-03,40318,14,30,0.18793815866888888,0.4157329590833333,0.3963288726597222,36459.0,1,14.539825150000013,12588494762.175207,387.60217328
2020-11-04,40468,10,36,0.142713871711383,0.4354515795106383,0.4218345343042553,47315.0,1,11.925339749999978,15126077675.476122,402.14199843
2020-11-05,19043,19,41,0.18004564577857143,0.47615067666666666,0.34380367050000005,60368.0,1,40.651952110000025,15440711037.679276,414.06733818
2020-11-06,22538,14,38,0.16081299273009522,0.4649158893904762,0.37427111822380954,47823.0,0,-19.00615515999999,16738305610.451756,454.71929029
2020-11-07,6938,12,23,0.19091253500797103,0.4602234315652174,0.34886402971594205,33705.0,1,17.841650399999992,18873289788.27312,435.71313513
2020-11-08,7398,10,36,0.13870618932945206,0.3945878134520548,0.46670601345205476,30699.0,0,-9.391728460000024,11292383601.227934,453.55478553
2020-11-09,21194,11,29,0.17387662564844156,0.41063705620779223,0.41548632223376625,35977.0,1,5.51656405,13704320629.672075,444.16305707
2020-11-10,21722,7,27,0.14607471684691356,0.4800937813209877,0.373831497337037,35104.0,1,13.280906619999996,12090381666.30338,449.67962112
2020-11-11,28551,19,44,0.1858915821615748,0.44298281727165356,0.3711255914858268,39657.0,0,-1.955256599999984,14075403511.078665,462.96052774
2020-11-12,32412,14,36,0.151632647845,0.4363563918333333,0.4120109410077778,44220.0,1,13.621149779999996,12877327233.680256,461.00527114
2020-11-13,25338,17,50,0.15641736330288133,0.4276660642881356,0.41591655626779667,48337.0,0,-14.476584179999977,13191505724.739086,474.62642092
2020-11-14,7631,5,16,0.198677877732,0.43643139826000005,0.36489071248800004,37293.0,0,-12.59074141000002,10312037942.27298,460.14983674
2020-11-15,14951,8,23,0.15805399669361703,0.4012876165319149,0.4406583657659574,33836.0,1,12.38121725000002,10308617164.806108,447.55909533
2020-11-16,10437,15,31,0.16425137561477274,0.44087221699999996,0.3948764078125,47177.0,1,20.41976999999997,11441239444.33161,459.94031258
2020-11-17,59224,14,70,0.10191586322459459,0.428356119972973,0.46972800772297296,74813.0,0,-0.8760128299999792,14593057876.603,480.36008258
2020-11-18,17904,16,42,0.16986353773125,0.44384705830357146,0.38628940085357144,70679.0,0,-7.853650070000015,17880199224.06719,479.48406975
2020-11-19,33490,16,57,0.13549734386,0.417349011925,0.44715363339333336,43267.0,1,38.11415366,12473929217.903484,471.63041968
2020-11-20,46009,19,82,0.11815264637487341,0.39409199858227845,0.48775535479683546,47903.0,1,39.74204752000003,18629943296.2047,509.74457334
2020-11-21,46546,23,55,0.1875628702430827,0.4070327827969925,0.4054043436766917,45874.0,1,8.581474370000024,20757099183.908634,549.48662086
2020-11-22,15072,19,38,0.19724537201349207,0.47631355874603176,0.326441071584127,43581.0,1,50.38593333999995,21967049601.05205,558.06809523
2020-11-23,40371,19,81,0.12957868294083744,0.4684176686536946,0.40200363803300493,47594.0,0,-4.55628256,27272302871.85529,608.45402857
2020-11-24,47458,12,100,0.10320486050470047,0.42397631798617513,0.4728188297235023,78971.0,0,-33.21112979999998,23281758099.84144,603.89774601
2020-11-25,22782,14,50,0.1444478112921101,0.40569422964678903,0.4498579475229358,46379.0,0,-51.88544232000004,20088492892.57599,570.68661621
2020-11-26,14536,25,46,0.2190954205237008,0.39801966244881887,0.3828849261338583,53237.0,0,-1.3074861999999712,31104004592.476696,518.80117389
2020-11-27,18792,8,30,0.1420447953131579,0.44263853672368425,0.41531666811842105,44777.0,1,20.73611288999996,16831105702.971172,517.49368769
2020-11-28,15090,7,33,0.12839498909726027,0.42224049838356165,0.4493645075753425,37071.0,1,37.52824730999998,14770243833.185575,538.22980058
2020-11-29,10660,15,23,0.18740046966753424,0.44125139452054796,0.3713481476534246,33292.0,1,39.0844741300001,15017517758.173054,575.75804789
2020-11-30,19090,17,57,0.13240955711544117,0.41487640054044117,0.4527140304338235,66042.0,0,-27.51833489000001,20276867832.97377,614.84252202
2020-12-01,53826,9,80,0.08248677467075861,0.37256281470344826,0.5449504124806896,60008.0,1,11.028155099999935,27178964464.895428,587.32418713
2020-12-02,39694,17,57,0.14251624116171874,0.4012866425703125,0.45619709727109375,48309.0,1,18.356412630000023,16883292129.40914,598.35234223
2020-12-03,25124,22,56,0.16738399123074324,0.4449465859682432,0.3876694316763514,44375.0,0,-47.35455736999995,16146190946.431929,616.70875486
2020-12-04,9294,19,44,0.15764334579415096,0.39981645724528303,0.4425401854962264,46085.0,1,27.24127724999994,16337589996.897411,569.35419749
2020-12-05,30073,8,32,0.14576774837549294,0.37506564765492956,0.47916659230985914,39802.0,1,5.313517700000034,13498010566.223131,596.59547474
2020-12-06,16773,11,38,0.1318493166470115,0.40392558386206895,0.4642250808827586,39953.0,0,-10.065613100000064,11290893016.094542,601.90899244
2020-12-07,36978,5,48,0.08490240550686275,0.4412749865196079,0.47382260801274506,45372.0,0,-37.01562225999999,10720480961.526337,591.84337934
2020-12-08,34072,11,35,0.13216956895517243,0.43851129410344825,0.4293191276321839,46222.0,1,18.651354550000065,14398919320.07013,554.82775708
2020-12-09,18709,15,51,0.141739306390625,0.40923448479464286,0.4490262178625,42250.0,0,-13.800610570000003,15855915839.909492,573.47911163
2020-12-10,18849,19,37,0.19745610157218751,0.4025456606979167,0.3999982467916667,37279.0,0,-13.881160030000046,11672582039.82982,559.67850106
2020-12-11,13530,23,41,0.21951864966386792,0.4112575232122641,0.3692238197018868,35891.0,1,22.76997675000007,11098819124.362003,545.79734103
2020-12-12,13149,3,29,0.11436782112587301,0.40562776399999995,0.480004402484127,38898.0,1,21.095904719999908,8534557897.350276,568.56731778
2020-12-13,27441,12,31,0.17419643805243243,0.4151715595405405,0.41063198022972974,39491.0,0,-3.6520705299999454,9070377861.783049,589.6632225
2020-12-14,15755,11,43,0.15467525439773197,0.41542808270103093,0.42989665126288656,38737.0,1,3.3444504799999777,8125837101.541813,586.01115197
2020-12-15,42493,6,45,0.08630983033244187,0.4001426610930233,0.5135475093453489,43739.0,1,46.82624622000003,9326645839.951117,589.35560245
2020-12-16,52912,15,79,0.11993174590445714,0.4307101899828571,0.44935804989942857,127155.0,1,6.687118349999992,15817248372.944794,636.18184867
2020-12-17,33511,23,63,0.14990922791549383,0.42654104949753086,0.4235497201049383,120169.0,1,11.94295986999998,25479532147.20316,642.86896702
2020-12-18,34453,27,60,0.1745446588156604,0.4439312184402515,0.38152411932704405,67616.0,1,4.48599956999999,15756303982.872536,654.81192689
2020-12-19,16095,10,38,0.1370781869460177,0.4930671143460177,0.3698546944778761,56872.0,0,-21.00708008999993,12830893777.763968,659.29792646
2020-12-20,12312,20,33,0.19886019440479166,0.45671023726041665,0.34442958019270836,62679.0,0,-28.472974720000025,13375855441.559715,638.29084637
2020-12-21,6492,26,31,0.25286303902777774,0.4304284858425926,0.31670846505185185,61296.0,1,25.03632782,14419493620.66142,609.81787165
2020-12-22,-6986,43,44,0.25625794435253085,0.43534030516358024,0.308401742654321,45927.0,0,-51.13960257999997,14745890080.163755,634.85419947
2020-12-23,24696,39,45,0.2357152998350327,0.4354477905686275,0.32883689921895426,43942.0,1,27.89259003999996,15261413038.262846,583.71459689
2020-12-24,38471,21,46,0.18636548103415254,0.41651429056779665,0.3971202114525424,42618.0,1,14.803514699999935,14317413702.733274,611.60718693
2020-12-25,31564,15,47,0.1673631708742353,0.3352797890117647,0.4973570392823529,49739.0,1,9.42512923000004,13520927699.527304,626.41070163
2020-12-26,20703,20,42,0.17186183068495575,0.44778649334513276,0.38035166407699117,72172.0,1,46.806528240000034,14761125202.374443,635.83583086
2020-12-27,36517,20,68,0.144888280556875,0.46285687685795457,0.3922548290880682,88788.0,1,47.75500572999999,26093552820.75143,682.6423591
2020-12-28,95100,31,66,0.17728577650923077,0.45204175562820514,0.3706724609871795,59779.0,1,1.1227539100000286,24222565862.36153,730.39736483
2020-12-29,38822,28,56,0.18124138519341462,0.46056556737804877,0.3581930376689024,56236.0,1,20.098853200000008,18710683199.35822,731.52011874
2020-12-30,10907,30,47,0.22122946732618703,0.43358885289928056,0.3451816829820144,80886.0,0,-13.815574250000054,17294574209.511234,751.61897194
2020-12-31,52391,15,68,0.14283415762317567,0.3986581066655406,0.4585077275743243,68822.0,0,-7.435828560000004,13926846860.642897,737.80339769
