,Date,Ethereum - Tweets
0,2016/03/16,1185
1,2016/03/17,1211
2,2016/03/18,1123
3,2016/03/19,943
4,2016/03/20,1304
5,2016/03/21,2233
6,2016/03/22,859
7,2016/03/23,944
8,2016/03/24,1982
9,2016/03/25,927
10,2016/03/26,712
11,2016/03/27,716
12,2016/03/28,1298
13,2016/03/29,1589
14,2016/03/30,1745
15,2016/03/31,988
16,2016/04/01,830
17,2016/04/02,743
18,2016/04/03,846
19,2016/04/04,1000
20,2016/04/05,1067
21,2016/04/06,967
22,2016/04/07,2284
23,2016/04/08,862
24,2016/04/09,759
25,2016/04/10,1073
26,2016/04/11,891
27,2016/04/12,1150
28,2016/04/13,907
29,2016/04/14,978
30,2016/04/15,1139
31,2016/04/16,701
32,2016/04/17,781
33,2016/04/18,1014
34,2016/04/19,962
35,2016/04/20,984
36,2016/04/21,883
37,2016/04/22,924
38,2016/04/23,607
39,2016/04/24,543
40,2016/04/25,923
41,2016/04/26,894
42,2016/04/27,735
43,2016/04/28,935
44,2016/04/29,916
45,2016/04/30,951
46,2016/05/01,773
47,2016/05/02,1114
48,2016/05/03,2628
49,2016/05/04,1261
50,2016/05/05,1181
51,2016/05/06,1085
52,2016/05/07,703
53,2016/05/08,856
54,2016/05/09,1110
55,2016/05/10,970
56,2016/05/11,1078
57,2016/05/12,905
58,2016/05/13,946
59,2016/05/14,764
60,2016/05/15,1009
61,2016/05/16,1588
62,2016/05/17,1346
63,2016/05/18,1636
64,2016/05/19,1929
65,2016/05/20,1638
66,2016/05/21,977
67,2016/05/22,1162
68,2016/05/23,1236
69,2016/05/24,1407
70,2016/05/25,1470
71,2016/05/26,1380
72,2016/05/27,1171
73,2016/05/28,1714
74,2016/05/29,1409
75,2016/05/30,3305
76,2016/05/31,1465
77,2016/06/01,2023
78,2016/06/02,1294
79,2016/06/03,1188
80,2016/06/04,844
81,2016/06/05,1091
82,2016/06/06,1072
83,2016/06/07,1500
84,2016/06/08,1673
85,2016/06/09,1573
86,2016/06/10,1324
87,2016/06/11,1086
88,2016/06/12,1200
89,2016/06/13,1766
90,2016/06/14,2136
91,2016/06/15,1780
92,2016/06/16,2106
93,2016/06/17,6219
94,2016/06/18,4386
95,2016/06/19,3235
96,2016/06/20,2649
97,2016/06/21,2523
98,2016/06/22,2402
99,2016/06/23,1877
100,2016/06/24,1896
101,2016/06/25,1315
102,2016/06/26,1175
103,2016/06/27,1425
104,2016/06/28,1512
105,2016/06/29,1945
106,2016/06/30,1303
107,2016/07/01,1241
108,2016/07/02,1326
109,2016/07/03,1061
110,2016/07/04,933
111,2016/07/05,1128
112,2016/07/06,1020
113,2016/07/07,1186
114,2016/07/08,1122
115,2016/07/09,817
116,2016/07/10,961
117,2016/07/11,1236
118,2016/07/12,1087
119,2016/07/13,934
120,2016/07/14,1023
121,2016/07/15,1280
122,2016/07/16,1102
123,2016/07/17,1330
124,2016/07/18,1377
125,2016/07/19,1904
126,2016/07/20,3555
127,2016/07/21,2207
128,2016/07/22,2045
129,2016/07/23,1362
130,2016/07/24,2808
131,2016/07/25,2338
132,2016/07/26,2943
133,2016/07/27,2343
134,2016/07/28,1948
135,2016/07/29,2028
136,2016/07/30,1618
137,2016/07/31,1574
138,2016/08/01,1862
139,2016/08/02,3703
140,2016/08/03,1734
141,2016/08/04,1466
142,2016/08/05,1850
143,2016/08/06,1036
144,2016/08/07,970
145,2016/08/08,1441
146,2016/08/09,1517
147,2016/08/10,1293
148,2016/08/11,1467
149,2016/08/12,1586
150,2016/08/13,1400
151,2016/08/14,1219
152,2016/08/15,1396
153,2016/08/16,1516
154,2016/08/17,1285
155,2016/08/18,1372
156,2016/08/19,1246
157,2016/08/20,978
158,2016/08/21,938
159,2016/08/22,968
160,2016/08/23,1294
161,2016/08/24,1296
162,2016/08/25,1485
163,2016/08/26,1590
164,2016/08/27,1103
165,2016/08/28,1288
166,2016/08/29,4367
167,2016/08/30,1240
168,2016/08/31,1228
169,2016/09/01,1287
170,2016/09/02,1191
171,2016/09/03,943
172,2016/09/04,884
173,2016/09/05,1012
174,2016/09/06,1872
175,2016/09/07,1645
176,2016/09/08,1492
177,2016/09/09,1618
178,2016/09/10,1882
179,2016/09/11,1272
180,2016/09/12,1291
181,2016/09/13,1453
182,2016/09/14,2093
183,2016/09/15,1963
184,2016/09/16,1498
185,2016/09/17,1691
186,2016/09/18,1310
187,2016/09/19,1818
188,2016/09/20,2688
189,2016/09/21,2490
190,2016/09/22,2824
191,2016/09/23,3588
192,2016/09/24,2011
193,2016/09/25,1739
194,2016/09/26,2414
195,2016/09/27,2841
196,2016/09/28,2583
197,2016/09/29,2935
198,2016/09/30,1915
199,2016/10/01,1485
200,2016/10/02,1556
201,2016/10/03,1836
202,2016/10/04,1996
203,2016/10/05,1738
204,2016/10/06,1940
205,2016/10/07,1830
206,2016/10/08,1573
207,2016/10/09,1403
208,2016/10/10,1398
209,2016/10/11,1669
210,2016/10/12,1481
211,2016/10/13,1713
212,2016/10/14,1833
213,2016/10/15,1615
214,2016/10/16,1224
215,2016/10/17,1483
216,2016/10/18,2008
217,2016/10/19,1892
218,2016/10/20,1537
219,2016/10/21,1251
220,2016/10/22,1205
221,2016/10/23,1050
222,2016/10/24,1345
223,2016/10/25,1437
224,2016/10/26,1657
225,2016/10/27,1561
226,2016/10/28,1652
227,2016/10/29,1608
228,2016/10/30,1420
229,2016/10/31,1636
230,2016/11/01,1685
231,2016/11/02,1686
232,2016/11/03,1929
233,2016/11/04,1621
234,2016/11/05,1455
235,2016/11/06,3091
236,2016/11/07,1377
237,2016/11/08,1496
238,2016/11/09,1656
239,2016/11/10,1548
240,2016/11/11,2105
241,2016/11/12,1525
242,2016/11/13,1948
243,2016/11/14,2687
244,2016/11/15,3038
245,2016/11/16,2341
246,2016/11/17,2645
247,2016/11/18,2802
248,2016/11/19,2282
249,2016/11/20,1957
250,2016/11/21,4974
251,2016/11/22,3026
252,2016/11/23,2440
253,2016/11/24,3073
254,2016/11/25,2533
255,2016/11/26,2231
256,2016/11/27,6856
257,2016/11/28,4254
258,2016/11/29,3263
259,2016/11/30,3429
260,2016/12/01,3644
261,2016/12/02,3164
262,2016/12/03,2247
263,2016/12/04,1852
264,2016/12/05,2076
265,2016/12/06,3178
266,2016/12/07,3804
267,2016/12/08,2433
268,2016/12/09,2236
269,2016/12/10,2034
270,2016/12/11,2187
271,2016/12/12,1959
272,2016/12/13,2874
273,2016/12/14,2608
274,2016/12/15,2306
275,2016/12/16,1920
276,2016/12/17,1919
277,2016/12/18,1898
278,2016/12/19,2955
279,2016/12/20,2904
280,2016/12/21,2514
281,2016/12/22,2557
282,2016/12/23,2213
283,2016/12/24,2168
284,2016/12/25,2092
285,2016/12/26,2460
286,2016/12/27,2280
287,2016/12/28,2142
288,2016/12/29,2424
289,2016/12/30,2272
290,2016/12/31,2161
291,2017/01/01,1791
292,2017/01/02,1751
293,2017/01/03,2639
294,2017/01/04,3452
295,2017/01/05,2896
296,2017/01/06,2283
297,2017/01/07,1653
298,2017/01/08,1734
299,2017/01/09,1968
300,2017/01/10,1847
301,2017/01/11,1661
302,2017/01/12,1611
303,2017/01/13,1739
304,2017/01/14,1446
305,2017/01/15,1820
306,2017/01/16,1817
307,2017/01/17,1821
308,2017/01/18,2604
309,2017/01/19,1887
310,2017/01/20,1648
311,2017/01/21,1416
312,2017/01/22,1596
313,2017/01/23,1924
314,2017/01/24,1831
315,2017/01/25,1851
316,2017/01/26,1771
317,2017/01/27,1834
318,2017/01/28,1470
319,2017/01/29,1466
320,2017/01/30,1479
321,2017/01/31,1472
322,2017/02/01,1673
323,2017/02/02,3207
324,2017/02/03,2049
325,2017/02/04,1494
326,2017/02/05,1482
327,2017/02/06,1659
328,2017/02/07,1910
329,2017/02/08,1987
330,2017/02/09,1837
331,2017/02/10,2241
332,2017/02/11,1893
333,2017/02/12,1637
334,2017/02/13,1735
335,2017/02/14,2320
336,2017/02/15,3673
337,2017/02/16,18078
338,2017/02/17,4287
339,2017/02/18,3759
340,2017/02/19,2984
341,2017/02/20,3469
342,2017/02/21,3470
343,2017/02/22,2934
344,2017/02/23,2862
345,2017/02/24,3159
346,2017/02/25,2565
347,2017/02/26,2853
348,2017/02/27,3660
349,2017/02/28,4700
350,2017/03/01,3865
351,2017/03/02,3593
352,2017/03/03,2841
353,2017/03/04,4207
354,2017/03/05,2265
355,2017/03/06,3238
356,2017/03/07,2307
357,2017/03/08,2416
358,2017/03/09,2981
359,2017/03/10,4173
360,2017/03/11,3670
361,2017/03/12,4090
362,2017/03/13,5321
363,2017/03/14,4659
364,2017/03/15,4888
365,2017/03/16,5545
366,2017/03/17,4902
367,2017/03/18,5211
368,2017/03/19,3449
369,2017/03/20,5631
370,2017/03/21,5091
371,2017/03/22,2852
372,2017/03/23,3089
373,2017/03/24,3773
374,2017/03/25,3030
375,2017/03/26,2745
376,2017/03/27,3655
377,2017/03/28,6384
378,2017/03/29,5187
379,2017/03/30,5085
380,2017/03/31,3084
381,2017/04/01,3314
382,2017/04/02,3232
383,2017/04/03,3608
384,2017/04/04,4682
385,2017/04/05,4248
386,2017/04/06,4721
387,2017/04/07,4161
388,2017/04/08,4486
389,2017/04/09,4161
390,2017/04/10,4599
391,2017/04/11,4450
392,2017/04/12,5287
393,2017/04/13,5045
394,2017/04/14,4085
395,2017/04/15,3791
396,2017/04/16,3516
397,2017/04/17,5209
398,2017/04/18,4328
399,2017/04/19,3578
400,2017/04/20,4579
401,2017/04/21,5261
402,2017/04/22,3425
403,2017/04/23,4878
404,2017/04/24,5366
405,2017/04/25,5161
406,2017/04/26,5897
407,2017/04/27,7181
408,2017/04/28,6870
409,2017/04/29,4984
410,2017/04/30,5280
411,2017/05/01,6340
412,2017/05/02,6970
413,2017/05/03,6506
414,2017/05/04,6535
415,2017/05/05,6735
416,2017/05/06,4174
417,2017/05/07,5567
418,2017/05/08,5368
419,2017/05/09,5336
420,2017/05/10,5235
421,2017/05/11,4587
422,2017/05/12,5607
423,2017/05/13,5044
424,2017/05/14,3910
425,2017/05/15,3769
426,2017/05/16,4129
427,2017/05/17,4000
428,2017/05/18,4757
429,2017/05/19,4492
430,2017/05/20,5206
431,2017/05/21,6573
432,2017/05/22,8620
433,2017/05/23,7248
434,2017/05/24,6984
435,2017/05/25,10863
436,2017/05/26,8902
437,2017/05/27,8319
438,2017/05/28,7542
439,2017/05/29,7110
440,2017/05/30,7591
441,2017/05/31,8564
442,2017/06/01,14322
443,2017/06/02,11204
444,2017/06/03,6962
445,2017/06/04,14085
446,2017/06/05,9714
447,2017/06/06,9192
448,2017/06/07,9017
449,2017/06/08,9147
450,2017/06/09,10141
451,2017/06/10,10560
452,2017/06/11,10853
453,2017/06/12,14709
454,2017/06/13,20977
455,2017/06/14,13279
456,2017/06/15,13598
457,2017/06/16,14424
458,2017/06/17,13221
459,2017/06/18,12296
460,2017/06/19,12833
461,2017/06/20,14042
462,2017/06/21,13789
463,2017/06/22,12631
464,2017/06/23,14903
465,2017/06/24,null
466,2017/06/25,null
467,2017/06/26,null
468,2017/06/27,null
469,2017/06/28,null
470,2017/06/29,null
471,2017/06/30,null
472,2017/07/01,null
473,2017/07/02,null
474,2017/07/03,null
475,2017/07/04,null
476,2017/07/05,null
477,2017/07/06,null
478,2017/07/07,null
479,2017/07/08,null
480,2017/07/09,null
481,2017/07/10,null
482,2017/07/11,null
483,2017/07/12,16775
484,2017/07/13,15409
485,2017/07/14,15372
486,2017/07/15,14878
487,2017/07/16,11940
488,2017/07/17,17557
489,2017/07/18,17924
490,2017/07/19,19618
491,2017/07/20,16516
492,2017/07/21,15196
493,2017/07/22,15260
494,2017/07/23,15441
495,2017/07/24,16151
496,2017/07/25,16428
497,2017/07/26,17958
498,2017/07/27,15510
499,2017/07/28,16163
500,2017/07/29,17486
501,2017/07/30,13824
502,2017/07/31,20653
503,2017/08/01,18520
504,2017/08/02,16533
505,2017/08/03,15957
506,2017/08/04,15293
507,2017/08/05,14741
508,2017/08/06,14575
509,2017/08/07,16000
510,2017/08/08,17226
511,2017/08/09,15975
512,2017/08/10,14397
513,2017/08/11,14491
514,2017/08/12,16170
515,2017/08/13,17483
516,2017/08/14,20849
517,2017/08/15,19526
518,2017/08/16,20372
519,2017/08/17,23809
520,2017/08/18,19178
521,2017/08/19,17123
522,2017/08/20,20442
523,2017/08/21,19256
524,2017/08/22,25436
525,2017/08/23,19335
526,2017/08/24,18117
527,2017/08/25,22563
528,2017/08/26,19902
529,2017/08/27,19658
530,2017/08/28,19258
531,2017/08/29,20341
532,2017/08/30,19004
533,2017/08/31,18299
534,2017/09/01,16469
535,2017/09/02,14470
536,2017/09/03,16968
537,2017/09/04,22034
538,2017/09/05,22933
539,2017/09/06,20095
540,2017/09/07,17425
541,2017/09/08,17831
542,2017/09/09,15866
543,2017/09/10,18503
544,2017/09/11,18312
545,2017/09/12,17549
546,2017/09/13,19233
547,2017/09/14,25674
548,2017/09/15,22983
549,2017/09/16,19503
550,2017/09/17,19258
551,2017/09/18,21316
552,2017/09/19,21384
553,2017/09/20,19832
554,2017/09/21,22931
555,2017/09/22,21675
556,2017/09/23,18618
557,2017/09/24,21095
558,2017/09/25,23143
559,2017/09/26,22899
560,2017/09/27,23949
561,2017/09/28,23235
562,2017/09/29,32569
563,2017/09/30,21553
564,2017/10/01,24371
565,2017/10/02,28804
566,2017/10/03,26739
567,2017/10/04,35959
568,2017/10/05,25156
569,2017/10/06,29486
570,2017/10/07,40978
571,2017/10/08,31087
572,2017/10/09,25922
573,2017/10/10,27867
574,2017/10/11,23109
575,2017/10/12,23367
576,2017/10/13,26792
577,2017/10/14,26862
578,2017/10/15,51682
579,2017/10/16,29405
580,2017/10/17,34301
581,2017/10/18,23900
582,2017/10/19,27325
583,2017/10/20,26704
584,2017/10/21,23877
585,2017/10/22,20998
586,2017/10/23,26917
587,2017/10/24,22407
588,2017/10/25,22034
589,2017/10/26,20603
590,2017/10/27,22838
591,2017/10/28,19606
592,2017/10/29,20377
593,2017/10/30,21067
594,2017/10/31,22211
595,2017/11/01,21056
596,2017/11/02,22040
597,2017/11/03,20749
598,2017/11/04,23653
599,2017/11/05,15005
600,2017/11/06,16980
601,2017/11/07,24220
602,2017/11/08,21261
603,2017/11/09,19111
604,2017/11/10,23367
605,2017/11/11,18178
606,2017/11/12,16072
607,2017/11/13,16532
608,2017/11/14,18786
609,2017/11/15,21696
610,2017/11/16,22397
611,2017/11/17,21023
612,2017/11/18,20267
613,2017/11/19,18336
614,2017/11/20,20334
615,2017/11/21,18427
616,2017/11/22,21660
617,2017/11/23,21303
618,2017/11/24,23168
619,2017/11/25,23803
620,2017/11/26,19878
621,2017/11/27,22763
622,2017/11/28,20690
623,2017/11/29,22704
624,2017/11/30,17621
625,2017/12/01,20472
626,2017/12/02,17078
627,2017/12/03,17539
628,2017/12/04,20182
629,2017/12/05,26773
630,2017/12/06,20795
631,2017/12/07,17795
632,2017/12/08,15642
633,2017/12/09,15991
634,2017/12/10,16779
635,2017/12/11,18670
636,2017/12/12,19909
637,2017/12/13,21133
638,2017/12/14,17654
639,2017/12/15,17991
640,2017/12/16,12351
641,2017/12/17,12168
642,2017/12/18,15597
643,2017/12/19,15015
644,2017/12/20,13441
645,2017/12/21,15059
646,2017/12/22,16329
647,2017/12/23,15641
648,2017/12/24,13232
649,2017/12/25,15591
650,2017/12/26,17175
651,2017/12/27,15709
652,2017/12/28,16859
653,2017/12/29,17809
654,2017/12/30,17340
655,2017/12/31,16417
656,2018/01/01,15766
657,2018/01/02,20026
658,2018/01/03,18783
659,2018/01/04,21032
660,2018/01/05,19525
661,2018/01/06,19427
662,2018/01/07,20428
663,2018/01/08,8041
664,2018/01/09,24192
665,2018/01/10,25715
666,2018/01/11,22029
667,2018/01/12,20352
668,2018/01/13,19098
669,2018/01/14,20603
670,2018/01/15,24552
671,2018/01/16,24678
672,2018/01/17,23671
673,2018/01/18,20980
674,2018/01/19,14776
675,2018/01/20,20334
676,2018/01/21,25700
677,2018/01/22,31778
678,2018/01/23,23289
679,2018/01/24,24026
680,2018/01/25,19995
681,2018/01/26,18376
682,2018/01/27,16311
683,2018/01/28,19854
684,2018/01/29,27029
685,2018/01/30,25156
686,2018/01/31,24375
687,2018/02/01,27648
688,2018/02/02,27240
689,2018/02/03,23291
690,2018/02/04,20690
691,2018/02/05,19944
692,2018/02/06,25671
693,2018/02/07,27259
694,2018/02/08,36694
695,2018/02/09,30593
696,2018/02/10,28917
697,2018/02/11,32759
698,2018/02/12,33918
699,2018/02/13,22321
700,2018/02/14,22594
701,2018/02/15,23780
702,2018/02/16,28104
703,2018/02/17,25693
704,2018/02/18,20198
705,2018/02/19,20588
706,2018/02/20,20527
707,2018/02/21,19990
708,2018/02/22,18182
709,2018/02/23,19705
710,2018/02/24,16638
711,2018/02/25,17403
712,2018/02/26,18244
713,2018/02/27,19739
714,2018/02/28,21019
715,2018/03/01,18033
716,2018/03/02,19374
717,2018/03/03,null
718,2018/03/04,null
719,2018/03/05,null
720,2018/03/06,null
721,2018/03/07,null
722,2018/03/08,null
723,2018/03/09,null
724,2018/03/10,null
725,2018/03/11,null
726,2018/03/12,null
727,2018/03/13,null
728,2018/03/14,null
729,2018/03/15,null
730,2018/03/16,null
731,2018/03/17,null
732,2018/03/18,null
733,2018/03/19,null
734,2018/03/20,null
735,2018/03/21,null
736,2018/03/22,null
737,2018/03/23,null
738,2018/03/24,null
739,2018/03/25,null
740,2018/03/26,null
741,2018/03/27,null
742,2018/03/28,null
743,2018/03/29,null
744,2018/03/30,null
745,2018/03/31,null
746,2018/04/01,null
747,2018/04/02,null
748,2018/04/03,null
749,2018/04/04,null
750,2018/04/05,null
751,2018/04/06,null
752,2018/04/07,25319
753,2018/04/08,21190
754,2018/04/09,25309
755,2018/04/10,25856
756,2018/04/11,25379
757,2018/04/12,24696
758,2018/04/13,22292
759,2018/04/14,17926
760,2018/04/15,17958
761,2018/04/16,22923
762,2018/04/17,22251
763,2018/04/18,20823
764,2018/04/19,21853
765,2018/04/20,22322
766,2018/04/21,26416
767,2018/04/22,24244
768,2018/04/23,32778
769,2018/04/24,39034
770,2018/04/25,32277
771,2018/04/26,28012
772,2018/04/27,23927
773,2018/04/28,20707
774,2018/04/29,22899
775,2018/04/30,21235
776,2018/05/01,22345
777,2018/05/02,22845
778,2018/05/03,21888
779,2018/05/04,21845
780,2018/05/05,26531
781,2018/05/06,21560
782,2018/05/07,20120
783,2018/05/08,18752
784,2018/05/09,17990
785,2018/05/10,18843
786,2018/05/11,19660
787,2018/05/12,17229
788,2018/05/13,17133
789,2018/05/14,19389
790,2018/05/15,21123
791,2018/05/16,19781
792,2018/05/17,20770
793,2018/05/18,20202
794,2018/05/19,17247
795,2018/05/20,18448
796,2018/05/21,19802
797,2018/05/22,18017
798,2018/05/23,19611
799,2018/05/24,17732
800,2018/05/25,18032
801,2018/05/26,15775
802,2018/05/27,17270
803,2018/05/28,17979
804,2018/05/29,19227
805,2018/05/30,19800
806,2018/05/31,18928
807,2018/06/01,18471
808,2018/06/02,16847
809,2018/06/03,16966
810,2018/06/04,18883
811,2018/06/05,20020
812,2018/06/06,19892
813,2018/06/07,19638
814,2018/06/08,20170
815,2018/06/09,17827
816,2018/06/10,16908
817,2018/06/11,19136
818,2018/06/12,21896
819,2018/06/13,20671
820,2018/06/14,21647
821,2018/06/15,24881
822,2018/06/16,19807
823,2018/06/17,17825
824,2018/06/18,21717
825,2018/06/19,21319
826,2018/06/20,19476
827,2018/06/21,17273
828,2018/06/22,17600
829,2018/06/23,14447
830,2018/06/24,13835
831,2018/06/25,16615
832,2018/06/26,17436
833,2018/06/27,17438
834,2018/06/28,16486
835,2018/06/29,15426
836,2018/06/30,13673
837,2018/07/01,12296
838,2018/07/02,13269
839,2018/07/03,15575
840,2018/07/04,16054
841,2018/07/05,14007
842,2018/07/06,15834
843,2018/07/07,14029
844,2018/07/08,12901
845,2018/07/09,14276
846,2018/07/10,16919
847,2018/07/11,15593
848,2018/07/12,13922
849,2018/07/13,12627
850,2018/07/14,10603
851,2018/07/15,13146
852,2018/07/16,12769
853,2018/07/17,14974
854,2018/07/18,13865
855,2018/07/19,13918
856,2018/07/20,14646
857,2018/07/21,12959
858,2018/07/22,11419
859,2018/07/23,12976
860,2018/07/24,14679
861,2018/07/25,14514
862,2018/07/26,14076
863,2018/07/27,11581
864,2018/07/28,9653
865,2018/07/29,9679
866,2018/07/30,12101
867,2018/07/31,13385
868,2018/08/01,12869
869,2018/08/02,11583
870,2018/08/03,12600
871,2018/08/04,10888
872,2018/08/05,10429
873,2018/08/06,11947
874,2018/08/07,12577
875,2018/08/08,11572
876,2018/08/09,11100
877,2018/08/10,10534
878,2018/08/11,9562
879,2018/08/12,8468
880,2018/08/13,10911
881,2018/08/14,11625
882,2018/08/15,11032
883,2018/08/16,10612
884,2018/08/17,10852
885,2018/08/18,9317
886,2018/08/19,8761
887,2018/08/20,10237
888,2018/08/21,10286
889,2018/08/22,9174
890,2018/08/23,9521
891,2018/08/24,10679
892,2018/08/25,10429
893,2018/08/26,9649
894,2018/08/27,11115
895,2018/08/28,12131
896,2018/08/29,13346
897,2018/08/30,14935
898,2018/08/31,15383
899,2018/09/01,10518
900,2018/09/02,11483
901,2018/09/03,13320
902,2018/09/04,13959
903,2018/09/05,13310
904,2018/09/06,12656
905,2018/09/07,11959
906,2018/09/08,11787
907,2018/09/09,13013
908,2018/09/10,14458
909,2018/09/11,13455
910,2018/09/12,12563
911,2018/09/13,13371
912,2018/09/14,12846
913,2018/09/15,10321
914,2018/09/16,10279
915,2018/09/17,11921
916,2018/09/18,13557
917,2018/09/19,12245
918,2018/09/20,11252
919,2018/09/21,11849
920,2018/09/22,10075
921,2018/09/23,9221
922,2018/09/24,11121
923,2018/09/25,10803
924,2018/09/26,12399
925,2018/09/27,12058
926,2018/09/28,10250
927,2018/09/29,10778
928,2018/09/30,9840
929,2018/10/01,11229
930,2018/10/02,12271
931,2018/10/03,12321
932,2018/10/04,12111
933,2018/10/05,14693
934,2018/10/06,10697
935,2018/10/07,8532
936,2018/10/08,10710
937,2018/10/09,10318
938,2018/10/10,10689
939,2018/10/11,11221
940,2018/10/12,10146
941,2018/10/13,8838
942,2018/10/14,8516
943,2018/10/15,14303
944,2018/10/16,14178
945,2018/10/17,10744
946,2018/10/18,12042
947,2018/10/19,9661
948,2018/10/20,8751
949,2018/10/21,7883
950,2018/10/22,9928
951,2018/10/23,11280
952,2018/10/24,12042
953,2018/10/25,10803
954,2018/10/26,9886
955,2018/10/27,8654
956,2018/10/28,8425
957,2018/10/29,10624
958,2018/10/30,8707
959,2018/10/31,8468
960,2018/11/01,7678
961,2018/11/02,7999
962,2018/11/03,6256
963,2018/11/04,7597
964,2018/11/05,7488
965,2018/11/06,7415
966,2018/11/07,7949
967,2018/11/08,8729
968,2018/11/09,8879
969,2018/11/10,8780
970,2018/11/11,7069
971,2018/11/12,10383
972,2018/11/13,7892
973,2018/11/14,9446
974,2018/11/15,7922
975,2018/11/16,6018
976,2018/11/17,5891
977,2018/11/18,4941
978,2018/11/19,6800
979,2018/11/20,6639
980,2018/11/21,6214
981,2018/11/22,5709
982,2018/11/23,5971
983,2018/11/24,5387
984,2018/11/25,5090
985,2018/11/26,6607
986,2018/11/27,6232
987,2018/11/28,6651
988,2018/11/29,6296
989,2018/11/30,5172
990,2018/12/01,5182
991,2018/12/02,4054
992,2018/12/03,5647
993,2018/12/04,5846
994,2018/12/05,6799
995,2018/12/06,null
996,2018/12/07,7960
997,2018/12/08,6119
998,2018/12/09,5542
999,2018/12/10,5193
1000,2018/12/11,5051
1001,2018/12/12,5114
1002,2018/12/13,5936
1003,2018/12/14,5193
1004,2018/12/15,4054
1005,2018/12/16,4175
1006,2018/12/17,5563
1007,2018/12/18,5622
1008,2018/12/19,6555
1009,2018/12/20,7404
1010,2018/12/21,6817
1011,2018/12/22,5356
1012,2018/12/23,5561
1013,2018/12/24,5624
1014,2018/12/25,5484
1015,2018/12/26,5472
1016,2018/12/27,6689
1017,2018/12/28,5983
1018,2018/12/29,6636
1019,2018/12/30,5866
1020,2018/12/31,4953
1021,2019/01/01,4259
1022,2019/01/02,5770
1023,2019/01/03,5651
1024,2019/01/04,5716
1025,2019/01/05,5306
1026,2019/01/06,4943
1027,2019/01/07,6101
1028,2019/01/08,6291
1029,2019/01/09,5529
1030,2019/01/10,6232
1031,2019/01/11,5170
1032,2019/01/12,4277
1033,2019/01/13,4805
1034,2019/01/14,6104
1035,2019/01/15,6858
1036,2019/01/16,6989
1037,2019/01/17,5989
1038,2019/01/18,5142
1039,2019/01/19,5088
1040,2019/01/20,4623
1041,2019/01/21,4532
1042,2019/01/22,4875
1043,2019/01/23,5182
1044,2019/01/24,5977
1045,2019/01/25,5519
1046,2019/01/26,5476
1047,2019/01/27,4601
1048,2019/01/28,7092
1049,2019/01/29,6104
1050,2019/01/30,6534
1051,2019/01/31,6358
1052,2019/02/01,4182
1053,2019/02/02,4623
1054,2019/02/03,5250
1055,2019/02/04,5596
1056,2019/02/05,4877
1057,2019/02/06,4763
1058,2019/02/07,4724
1059,2019/02/08,4644
1060,2019/02/09,4551
1061,2019/02/10,3650
1062,2019/02/11,4699
1063,2019/02/12,4456
1064,2019/02/13,4972
1065,2019/02/14,4997
1066,2019/02/15,4579
1067,2019/02/16,4190
1068,2019/02/17,4412
1069,2019/02/18,6086
1070,2019/02/19,5261
1071,2019/02/20,4891
1072,2019/02/21,4536
1073,2019/02/22,4460
1074,2019/02/23,4337
1075,2019/02/24,4832
1076,2019/02/25,4930
1077,2019/02/26,5000
1078,2019/02/27,4974
1079,2019/02/28,5382
1080,2019/03/01,5025
1081,2019/03/02,4409
1082,2019/03/03,4186
1083,2019/03/04,4843
1084,2019/03/05,5141
1085,2019/03/06,4923
1086,2019/03/07,4484
1087,2019/03/08,4431
1088,2019/03/09,3751
1089,2019/03/10,3626
1090,2019/03/11,4751
1091,2019/03/12,5027
1092,2019/03/13,4509
1093,2019/03/14,4392
1094,2019/03/15,3875
1095,2019/03/16,3520
1096,2019/03/17,3346
1097,2019/03/18,4349
1098,2019/03/19,3994
1099,2019/03/20,4495
1100,2019/03/21,3953
1101,2019/03/22,3844
1102,2019/03/23,3887
1103,2019/03/24,4063
1104,2019/03/25,4249
1105,2019/03/26,4494
1106,2019/03/27,5019
1107,2019/03/28,5239
1108,2019/03/29,4597
1109,2019/03/30,4592
1110,2019/03/31,4025
1111,2019/04/01,4524
1112,2019/04/02,5067
1113,2019/04/03,5145
1114,2019/04/04,4443
1115,2019/04/05,4036
1116,2019/04/06,4592
1117,2019/04/07,5369
1118,2019/04/08,5941
1119,2019/04/09,4382
1120,2019/04/10,4450
1121,2019/04/11,4765
1122,2019/04/12,4508
1123,2019/04/13,4030
1124,2019/04/14,4302
1125,2019/04/15,4433
1126,2019/04/16,4830
1127,2019/04/17,5906
1128,2019/04/18,5855
1129,2019/04/19,5033
1130,2019/04/20,4939
1131,2019/04/21,5636
1132,2019/04/22,5821
1133,2019/04/23,6310
1134,2019/04/24,6588
1135,2019/04/25,5783
1136,2019/04/26,4559
1137,2019/04/27,4344
1138,2019/04/28,4347
1139,2019/04/29,4426
1140,2019/04/30,5642
1141,2019/05/01,4946
1142,2019/05/02,4366
1143,2019/05/03,4840
1144,2019/05/04,4598
1145,2019/05/05,3989
1146,2019/05/06,4825
1147,2019/05/07,5495
1148,2019/05/08,4816
1149,2019/05/09,3830
1150,2019/05/10,4272
1151,2019/05/11,5644
1152,2019/05/12,4824
1153,2019/05/13,5181
1154,2019/05/14,6042
1155,2019/05/15,6138
1156,2019/05/16,6416
1157,2019/05/17,5501
1158,2019/05/18,4450
1159,2019/05/19,4568
1160,2019/05/20,5212
1161,2019/05/21,5154
1162,2019/05/22,4842
1163,2019/05/23,4888
1164,2019/05/24,7457
1165,2019/05/25,7118
1166,2019/05/26,6179
1167,2019/05/27,6215
1168,2019/05/28,6006
1169,2019/05/29,5514
1170,2019/05/30,6116
1171,2019/05/31,5013
1172,2019/06/01,4189
1173,2019/06/02,3724
1174,2019/06/03,5160
1175,2019/06/04,5116
1176,2019/06/05,4563
1177,2019/06/06,4234
1178,2019/06/07,3814
1179,2019/06/08,3583
1180,2019/06/09,4142
1181,2019/06/10,4615
1182,2019/06/11,4973
1183,2019/06/12,7642
1184,2019/06/13,9811
1185,2019/06/14,8100
1186,2019/06/15,6299
1187,2019/06/16,8700
1188,2019/06/17,9308
1189,2019/06/18,7346
1190,2019/06/19,6837
1191,2019/06/20,6487
1192,2019/06/21,6497
1193,2019/06/22,5988
1194,2019/06/23,4915
1195,2019/06/24,6423
1196,2019/06/25,5481
1197,2019/06/26,6915
1198,2019/06/27,5920
1199,2019/06/28,5910
1200,2019/06/29,5903
1201,2019/06/30,4817
1202,2019/07/01,5281
1203,2019/07/02,5333
1204,2019/07/03,9184
1205,2019/07/04,6762
1206,2019/07/05,4967
1207,2019/07/06,4356
1208,2019/07/07,4347
1209,2019/07/08,5804
1210,2019/07/09,7138
1211,2019/07/10,8031
1212,2019/07/11,6569
1213,2019/07/12,5919
1214,2019/07/13,5733
1215,2019/07/14,5176
1216,2019/07/15,5909
1217,2019/07/16,6359
1218,2019/07/17,6507
1219,2019/07/18,5894
1220,2019/07/19,5372
1221,2019/07/20,4475
1222,2019/07/21,4397
1223,2019/07/22,5911
1224,2019/07/23,5467
1225,2019/07/24,5089
1226,2019/07/25,4969
1227,2019/07/26,5190
1228,2019/07/27,4250
1229,2019/07/28,4264
1230,2019/07/29,5350
1231,2019/07/30,7717
1232,2019/07/31,10191
1233,2019/08/01,5972
1234,2019/08/02,5265
1235,2019/08/03,4363
1236,2019/08/04,4009
1237,2019/08/05,4908
1238,2019/08/06,4725
1239,2019/08/07,4853
1240,2019/08/08,4482
1241,2019/08/09,4081
1242,2019/08/10,3650
1243,2019/08/11,3638
1244,2019/08/12,4050
1245,2019/08/13,4449
1246,2019/08/14,4277
1247,2019/08/15,4256
1248,2019/08/16,4367
1249,2019/08/17,3748
1250,2019/08/18,3685
1251,2019/08/19,4546
1252,2019/08/20,4244
1253,2019/08/21,4269
1254,2019/08/22,4324
1255,2019/08/23,4246
1256,2019/08/24,3679
1257,2019/08/25,3400
1258,2019/08/26,4377
1259,2019/08/27,4440
1260,2019/08/28,4817
1261,2019/08/29,4515
1262,2019/08/30,4258
1263,2019/08/31,3330
1264,2019/09/01,2905
1265,2019/09/02,3703
1266,2019/09/03,3571
1267,2019/09/04,3783
1268,2019/09/05,3841
1269,2019/09/06,3601
1270,2019/09/07,3396
1271,2019/09/08,3290
1272,2019/09/09,3667
1273,2019/09/10,4014
1274,2019/09/11,3854
1275,2019/09/12,4229
1276,2019/09/13,3865
1277,2019/09/14,3397
1278,2019/09/15,3606
1279,2019/09/16,4515
1280,2019/09/17,4583
1281,2019/09/18,4314
1282,2019/09/19,4520
1283,2019/09/20,4428
1284,2019/09/21,3540
1285,2019/09/22,3226
1286,2019/09/23,4044
1287,2019/09/24,4297
1288,2019/09/25,4238
1289,2019/09/26,3938
1290,2019/09/27,3882
1291,2019/09/28,3516
1292,2019/09/29,3650
1293,2019/09/30,4510
1294,2019/10/01,3797
1295,2019/10/02,3513
1296,2019/10/03,3434
1297,2019/10/04,3327
1298,2019/10/05,3532
1299,2019/10/06,3141
1300,2019/10/07,4045
1301,2019/10/08,4242
1302,2019/10/09,4426
1303,2019/10/10,4622
1304,2019/10/11,4516
1305,2019/10/12,3769
1306,2019/10/13,3706
1307,2019/10/14,4193
1308,2019/10/15,4525
1309,2019/10/16,3991
1310,2019/10/17,3714
1311,2019/10/18,3365
1312,2019/10/19,3221
1313,2019/10/20,3403
1314,2019/10/21,3275
1315,2019/10/22,3874
1316,2019/10/23,3813
1317,2019/10/24,3751
1318,2019/10/25,3962
1319,2019/10/26,3715
1320,2019/10/27,3129
1321,2019/10/28,3710
1322,2019/10/29,4693
1323,2019/10/30,4088
1324,2019/10/31,4026
1325,2019/11/01,3420
1326,2019/11/02,3428
1327,2019/11/03,3582
1328,2019/11/04,4158
1329,2019/11/05,3882
1330,2019/11/06,4159
1331,2019/11/07,3422
1332,2019/11/08,3196
1333,2019/11/09,3074
1334,2019/11/10,3065
1335,2019/11/11,3789
1336,2019/11/12,3573
1337,2019/11/13,3679
1338,2019/11/14,3658
1339,2019/11/15,4035
1340,2019/11/16,3536
1341,2019/11/17,3272
1342,2019/11/18,3759
1343,2019/11/19,5559
1344,2019/11/20,4708
1345,2019/11/21,4012
1346,2019/11/22,4443
1347,2019/11/23,3602
1348,2019/11/24,3232
1349,2019/11/25,3348
1350,2019/11/26,3539
1351,2019/11/27,4156
1352,2019/11/28,3137
1353,2019/11/29,3912
1354,2019/11/30,3119
1355,2019/12/01,3174
1356,2019/12/02,3678
1357,2019/12/03,3741
1358,2019/12/04,3638
1359,2019/12/05,3433
1360,2019/12/06,3141
1361,2019/12/07,3203
1362,2019/12/08,3404
1363,2019/12/09,3592
1364,2019/12/10,3201
1365,2019/12/11,3254
1366,2019/12/12,3032
1367,2019/12/13,3068
1368,2019/12/14,2683
1369,2019/12/15,2489
1370,2019/12/16,2995
1371,2019/12/17,2816
1372,2019/12/18,3134
1373,2019/12/19,3075
1374,2019/12/20,2523
1375,2019/12/21,2329
1376,2019/12/22,2571
1377,2019/12/23,2693
1378,2019/12/24,2466
1379,2019/12/25,2463
1380,2019/12/26,3040
1381,2019/12/27,2923
1382,2019/12/28,2605
1383,2019/12/29,2505
1384,2019/12/30,2799
1385,2019/12/31,2418
1386,2020/01/01,2161
1387,2020/01/02,3019
1388,2020/01/03,2750
1389,2020/01/04,2250
1390,2020/01/05,2321
1391,2020/01/06,2762
1392,2020/01/07,2861
1393,2020/01/08,2647
1394,2020/01/09,3260
1395,2020/01/10,3759
1396,2020/01/11,2808
1397,2020/01/12,2602
1398,2020/01/13,3126
1399,2020/01/14,3585
1400,2020/01/15,3644
1401,2020/01/16,3536
1402,2020/01/17,3482
1403,2020/01/18,3331
1404,2020/01/19,3264
1405,2020/01/20,3912
1406,2020/01/21,4214
1407,2020/01/22,3625
1408,2020/01/23,3629
1409,2020/01/24,3076
1410,2020/01/25,2930
1411,2020/01/26,2833
1412,2020/01/27,3146
1413,2020/01/28,3951
1414,2020/01/29,3844
1415,2020/01/30,3928
1416,2020/01/31,3507
1417,2020/02/01,3298
1418,2020/02/02,3924
1419,2020/02/03,4094
1420,2020/02/04,3989
1421,2020/02/05,4835
1422,2020/02/06,4277
1423,2020/02/07,4363
1424,2020/02/08,3934
1425,2020/02/09,4307
1426,2020/02/10,3940
1427,2020/02/11,4876
1428,2020/02/12,5840
1429,2020/02/13,6045
1430,2020/02/14,3995
1431,2020/02/15,3712
1432,2020/02/16,3174
1433,2020/02/17,4413
1434,2020/02/18,5403
1435,2020/02/19,4294
1436,2020/02/20,4128
1437,2020/02/21,4166
1438,2020/02/22,4822
1439,2020/02/23,4097
1440,2020/02/24,4748
1441,2020/02/25,3707
1442,2020/02/26,4174
1443,2020/02/27,4109
1444,2020/02/28,6553
1445,2020/02/29,4712
1446,2020/03/01,3433
1447,2020/03/02,4780
1448,2020/03/03,3540
1449,2020/03/04,4265
1450,2020/03/05,4149
1451,2020/03/06,3379
1452,2020/03/07,2936
1453,2020/03/08,3217
1454,2020/03/09,3012
1455,2020/03/10,3275
1456,2020/03/11,3044
1457,2020/03/12,4013
1458,2020/03/13,3492
1459,2020/03/14,2441
1460,2020/03/15,2234
1461,2020/03/16,2651
1462,2020/03/17,3001
1463,2020/03/18,2566
1464,2020/03/19,2479
1465,2020/03/20,2770
1466,2020/03/21,2575
1467,2020/03/22,2904
1468,2020/03/23,2652
1469,2020/03/24,2607
1470,2020/03/25,2713
1471,2020/03/26,2910
1472,2020/03/27,2498
1473,2020/03/28,3254
1474,2020/03/29,2748
1475,2020/03/30,2513
1476,2020/03/31,2682
1477,2020/04/01,2749
1478,2020/04/02,2575
1479,2020/04/03,2672
1480,2020/04/04,2814
1481,2020/04/05,2283
1482,2020/04/06,3413
1483,2020/04/07,4052
1484,2020/04/08,3163
1485,2020/04/09,2818
1486,2020/04/10,2801
1487,2020/04/11,3019
1488,2020/04/12,2920
1489,2020/04/13,3132
1490,2020/04/14,4488
1491,2020/04/15,3129
1492,2020/04/16,4429
1493,2020/04/17,3592
1494,2020/04/18,5103
1495,2020/04/19,5176
1496,2020/04/20,4023
1497,2020/04/21,5437
1498,2020/04/22,5296
1499,2020/04/23,5692
1500,2020/04/24,4233
1501,2020/04/25,3861
1502,2020/04/26,5986
1503,2020/04/27,4227
1504,2020/04/28,4309
1505,2020/04/29,4554
1506,2020/04/30,4570
1507,2020/05/01,6749
1508,2020/05/02,5369
1509,2020/05/03,5292
1510,2020/05/04,3923
1511,2020/05/05,4672
1512,2020/05/06,4393
1513,2020/05/07,3894
1514,2020/05/08,3870
1515,2020/05/09,4038
1516,2020/05/10,2760
1517,2020/05/11,3923
1518,2020/05/12,4661
1519,2020/05/13,4296
1520,2020/05/14,5462
1521,2020/05/15,3888
1522,2020/05/16,3445
1523,2020/05/17,3954
1524,2020/05/18,5434
1525,2020/05/19,5521
1526,2020/05/20,5284
1527,2020/05/21,5992
1528,2020/05/22,4502
1529,2020/05/23,3445
1530,2020/05/24,4564
1531,2020/05/25,5192
1532,2020/05/26,4945
1533,2020/05/27,4335
1534,2020/05/28,3474
1535,2020/05/29,5122
1536,2020/05/30,4695
1537,2020/05/31,3985
1538,2020/06/01,4614
1539,2020/06/02,4719
1540,2020/06/03,3716
1541,2020/06/04,4122
1542,2020/06/05,4207
1543,2020/06/06,4816
1544,2020/06/07,3361
1545,2020/06/08,6127
1546,2020/06/09,5477
1547,2020/06/10,5872
1548,2020/06/11,4404
1549,2020/06/12,3678
1550,2020/06/13,5230
1551,2020/06/14,5036
1552,2020/06/15,4998
1553,2020/06/16,5431
1554,2020/06/17,8035
1555,2020/06/18,5129
1556,2020/06/19,4513
1557,2020/06/20,3483
1558,2020/06/21,3878
1559,2020/06/22,5265
1560,2020/06/23,5223
1561,2020/06/24,4538
1562,2020/06/25,3298
1563,2020/06/26,3521
1564,2020/06/27,3164
1565,2020/06/28,4318
1566,2020/06/29,4349
1567,2020/06/30,3845
1568,2020/07/01,4544
1569,2020/07/02,4332
1570,2020/07/03,4064
1571,2020/07/04,4052
1572,2020/07/05,3666
1573,2020/07/06,5520
1574,2020/07/07,5571
1575,2020/07/08,5357
1576,2020/07/09,4253
1577,2020/07/10,10018
1578,2020/07/11,5952
1579,2020/07/12,5084
1580,2020/07/13,7493
1581,2020/07/14,5033
1582,2020/07/15,3792
1583,2020/07/16,4095
1584,2020/07/17,3609
1585,2020/07/18,null
1586,2020/07/19,3418
1587,2020/07/20,3521
1588,2020/07/21,4436
1589,2020/07/22,5609
1590,2020/07/23,7211
1591,2020/07/24,6596
1592,2020/07/25,7078
1593,2020/07/26,5901
1594,2020/07/27,6908
1595,2020/07/28,5404
1596,2020/07/29,7099
1597,2020/07/30,8472
1598,2020/07/31,6756
1599,2020/08/01,8828
1600,2020/08/02,12290
1601,2020/08/03,11558
1602,2020/08/04,9095
1603,2020/08/05,7857
1604,2020/08/06,10650
1605,2020/08/07,11080
1606,2020/08/08,6259
1607,2020/08/09,6486
1608,2020/08/10,6523
1609,2020/08/11,5735
1610,2020/08/12,6442
1611,2020/08/13,8445
1612,2020/08/14,8426
1613,2020/08/15,6443
1614,2020/08/16,5871
1615,2020/08/17,6165
1616,2020/08/18,5653
1617,2020/08/19,5234
1618,2020/08/20,5204
1619,2020/08/21,4887
1620,2020/08/22,5202
1621,2020/08/23,6153
1622,2020/08/24,6115
1623,2020/08/25,6068
1624,2020/08/26,7461
1625,2020/08/27,9005
1626,2020/08/28,6517
1627,2020/08/29,6138
1628,2020/08/30,5862
1629,2020/08/31,6420
1630,2020/09/01,12058
1631,2020/09/02,7617
1632,2020/09/03,6715
1633,2020/09/04,5321
1634,2020/09/05,5590
1635,2020/09/06,9573
1636,2020/09/07,9802
1637,2020/09/08,8913
1638,2020/09/09,5891
1639,2020/09/10,6306
1640,2020/09/11,7083
1641,2020/09/12,6739
1642,2020/09/13,9144
1643,2020/09/14,7276
1644,2020/09/15,8857
1645,2020/09/16,6985
1646,2020/09/17,8006
1647,2020/09/18,8422
1648,2020/09/19,8173
1649,2020/09/20,7237
1650,2020/09/21,5802
1651,2020/09/22,6579
1652,2020/09/23,6825
1653,2020/09/24,8710
1654,2020/09/25,11497
1655,2020/09/26,7610
1656,2020/09/27,6694
1657,2020/09/28,7340
1658,2020/09/29,5738
1659,2020/09/30,5677
1660,2020/10/01,8086
1661,2020/10/02,11339
1662,2020/10/03,7397
1663,2020/10/04,9397
1664,2020/10/05,8508
1665,2020/10/06,5192
1666,2020/10/07,11569
1667,2020/10/08,13049
1668,2020/10/09,14043
1669,2020/10/10,6577
1670,2020/10/11,8248
1671,2020/10/12,7241
1672,2020/10/13,8311
1673,2020/10/14,9095
1674,2020/10/15,8731
1675,2020/10/16,12522
1676,2020/10/17,15998
1677,2020/10/18,21066
1678,2020/10/19,19447
1679,2020/10/20,15321
1680,2020/10/21,8048
1681,2020/10/22,8587
1682,2020/10/23,6199
1683,2020/10/24,7755
1684,2020/10/25,9459
1685,2020/10/26,8140
1686,2020/10/27,6860
1687,2020/10/28,9320
1688,2020/10/29,8022
1689,2020/10/30,7375
1690,2020/10/31,5592
1691,2020/11/01,7593
1692,2020/11/02,11233
1693,2020/11/03,7229
1694,2020/11/04,6905
1695,2020/11/05,6444
1696,2020/11/06,7494
1697,2020/11/07,7694
1698,2020/11/08,6252
1699,2020/11/09,11813
1700,2020/11/10,8386
1701,2020/11/11,13481
1702,2020/11/12,9993
1703,2020/11/13,8850
1704,2020/11/14,10032
1705,2020/11/15,12977
1706,2020/11/16,10906
1707,2020/11/17,13800
1708,2020/11/18,6823
1709,2020/11/19,6267
1710,2020/11/20,9980
1711,2020/11/21,10578
1712,2020/11/22,9386
1713,2020/11/23,10300
1714,2020/11/24,7888
1715,2020/11/25,5570
1716,2020/11/26,6361
1717,2020/11/27,8541
1718,2020/11/28,7852
1719,2020/11/29,8112
1720,2020/11/30,11239
1721,2020/12/01,12445
1722,2020/12/02,7720
1723,2020/12/03,7394
1724,2020/12/04,6567
1725,2020/12/05,4615
1726,2020/12/06,7304
1727,2020/12/07,7295
1728,2020/12/08,8204
1729,2020/12/09,12365
1730,2020/12/10,7850
1731,2020/12/11,5867
1732,2020/12/12,5604
1733,2020/12/13,7473
1734,2020/12/14,6330
1735,2020/12/15,5034
1736,2020/12/16,12192
1737,2020/12/17,10518
1738,2020/12/18,13693
1739,2020/12/19,10850
1740,2020/12/20,8331
1741,2020/12/21,8956
1742,2020/12/22,6283
1743,2020/12/23,7519
1744,2020/12/24,6321
1745,2020/12/25,5274
1746,2020/12/26,7737
1747,2020/12/27,11866
1748,2020/12/28,11910
1749,2020/12/29,6686
1750,2020/12/30,6759
1751,2020/12/31,6848
1752,2021/01/01,6939
1753,2021/01/02,8771
1754,2021/01/03,19081
1755,2021/01/04,20818
1756,2021/01/05,12811
1757,2021/01/06,13526
1758,2021/01/07,11368
1759,2021/01/08,10659
1760,2021/01/09,9498
1761,2021/01/10,12392
1762,2021/01/11,14501
1763,2021/01/12,10584
1764,2021/01/13,9061
1765,2021/01/14,9367
1766,2021/01/15,16638
1767,2021/01/16,9089
1768,2021/01/17,9528
1769,2021/01/18,11562
1770,2021/01/19,30134
1771,2021/01/20,14704
1772,2021/01/21,14809
1773,2021/01/22,10661
1774,2021/01/23,9344
1775,2021/01/24,13600
1776,2021/01/25,18718
1777,2021/01/26,12601
1778,2021/01/27,13422
1779,2021/01/28,14092
1780,2021/01/29,14839
1781,2021/01/30,12159
1782,2021/01/31,9987
1783,2021/02/01,12505
1784,2021/02/02,23049
1785,2021/02/03,22956
1786,2021/02/04,18854
1787,2021/02/05,19705
1788,2021/02/06,16662
1789,2021/02/07,13541
1790,2021/02/08,15271
1791,2021/02/09,20495
1792,2021/02/10,15824
1793,2021/02/11,12603
1794,2021/02/12,14288
1795,2021/02/13,12381
1796,2021/02/14,12313
1797,2021/02/15,14203
1798,2021/02/16,18965
1799,2021/02/17,17016
1800,2021/02/18,17809
1801,2021/02/19,13291
1802,2021/02/20,17689
1803,2021/02/21,10868
1804,2021/02/22,15010
1805,2021/02/23,16288
1806,2021/02/24,12805
1807,2021/02/25,11221
1808,2021/02/26,12095
1809,2021/02/27,11924
1810,2021/02/28,11789
1811,2021/03/01,11864
1812,2021/03/02,11059
1813,2021/03/03,13188
1814,2021/03/04,10699
1815,2021/03/05,12095
1816,2021/03/06,9476
1817,2021/03/07,14052
1818,2021/03/08,13060
1819,2021/03/09,13572
1820,2021/03/10,12506
1821,2021/03/11,16141
1822,2021/03/12,18020
1823,2021/03/13,17682
1824,2021/03/14,14700
1825,2021/03/15,14038
1826,2021/03/16,15452
1827,2021/03/17,12552
1828,2021/03/18,15854
1829,2021/03/19,17158
1830,2021/03/20,12673
1831,2021/03/21,13575
1832,2021/03/22,20654
1833,2021/03/23,16517
1834,2021/03/24,15197
1835,2021/03/25,18323
1836,2021/03/26,15693
1837,2021/03/27,12069
1838,2021/03/28,11965
1839,2021/03/29,22005
1840,2021/03/30,15532
1841,2021/03/31,18808
1842,2021/04/01,8591
1843,2021/04/02,10781
1844,2021/04/03,34171
1845,2021/04/04,28198
1846,2021/04/05,13478
1847,2021/04/06,8368
1848,2021/04/07,32378
1849,2021/04/08,33661
1850,2021/04/09,27584
1851,2021/04/10,28165
1852,2021/04/11,22446
1853,2021/04/12,27353
1854,2021/04/13,35202
1855,2021/04/14,44170
1856,2021/04/15,34130
1857,2021/04/16,37022
1858,2021/04/17,27593
1859,2021/04/18,44299
1860,2021/04/19,34261
1861,2021/04/20,24962
1862,2021/04/21,27470
1863,2021/04/22,24889
1864,2021/04/23,16503
1865,2021/04/24,21274
1866,2021/04/25,16370
1867,2021/04/26,15942
1868,2021/04/27,19937
1869,2021/04/28,29483
1870,2021/04/29,40573
1871,2021/04/30,31070
1872,2021/05/01,32934
1873,2021/05/02,22312
1874,2021/05/03,45092
1875,2021/05/04,32641
1876,2021/05/05,24782
1877,2021/05/06,36078
1878,2021/05/07,31694
1879,2021/05/08,29966
1880,2021/05/09,21281
1881,2021/05/10,33925
1882,2021/05/11,23569
1883,2021/05/12,31930
1884,2021/05/13,25354
1885,2021/05/14,23844
1886,2021/05/15,18511
1887,2021/05/16,19008
1888,2021/05/17,23003
1889,2021/05/18,30883
1890,2021/05/19,47328
1891,2021/05/20,31240
1892,2021/05/21,29786
1893,2021/05/22,26168
1894,2021/05/23,26923
1895,2021/05/24,25170
1896,2021/05/25,23147
1897,2021/05/26,29736
1898,2021/05/27,29184
1899,2021/05/28,33173
1900,2021/05/29,28110
1901,2021/05/30,18637
1902,2021/05/31,20195
1903,2021/06/01,18813
1904,2021/06/02,18551
1905,2021/06/03,17495
1906,2021/06/04,20887
1907,2021/06/05,36725
1908,2021/06/06,27535
1909,2021/06/07,26752
1910,2021/06/08,20561
1911,2021/06/09,29360
1912,2021/06/10,26529
1913,2021/06/11,25413
1914,2021/06/12,26489
1915,2021/06/13,26452
1916,2021/06/14,37817
1917,2021/06/15,34658
1918,2021/06/16,32356
1919,2021/06/17,31273
1920,2021/06/18,22102
1921,2021/06/19,14446
1922,2021/06/20,17641
1923,2021/06/21,18085
1924,2021/06/22,20787
1925,2021/06/23,27428
1926,2021/06/24,27032
1927,2021/06/25,20816
1928,2021/06/26,20099
1929,2021/06/27,14921
1930,2021/06/28,26153
1931,2021/06/29,27967
1932,2021/06/30,23377
1933,2021/07/01,23095
1934,2021/07/02,29924
1935,2021/07/03,29342
1936,2021/07/04,20533
1937,2021/07/05,21048
1938,2021/07/06,24745
1939,2021/07/07,29445
1940,2021/07/08,31441
1941,2021/07/09,23852
1942,2021/07/10,20983
1943,2021/07/11,19809
1944,2021/07/12,25346
1945,2021/07/13,25896
1946,2021/07/14,26610
1947,2021/07/15,22549
1948,2021/07/16,17381
1949,2021/07/17,19674
1950,2021/07/18,24221
1951,2021/07/19,19768
1952,2021/07/20,26513
1953,2021/07/21,32606
1954,2021/07/22,29734
1955,2021/07/23,30862
1956,2021/07/24,30240
1957,2021/07/25,24998
1958,2021/07/26,24806
1959,2021/07/27,38559
1960,2021/07/28,26647
1961,2021/07/29,25963
1962,2021/07/30,32211
1963,2021/07/31,31256
1964,2021/08/01,31066
1965,2021/08/02,44042
1966,2021/08/03,28971
1967,2021/08/04,35914
1968,2021/08/05,59950
1969,2021/08/06,38799
1970,2021/08/07,44326
1971,2021/08/08,43105
1972,2021/08/09,42178
1973,2021/08/10,38684
1974,2021/08/11,43492
1975,2021/08/12,37591
1976,2021/08/13,31280
1977,2021/08/14,22429
1978,2021/08/15,21107
1979,2021/08/16,31044
1980,2021/08/17,19925
1981,2021/08/18,25625
1982,2021/08/19,25767
1983,2021/08/20,20393
1984,2021/08/21,22018
1985,2021/08/22,21837
1986,2021/08/23,37143
1987,2021/08/24,26620
1988,2021/08/25,27634
1989,2021/08/26,22451
1990,2021/08/27,30536
1991,2021/08/28,22253
1992,2021/08/29,25430
1993,2021/08/30,29169
1994,2021/08/31,34500
1995,2021/09/01,39148
1996,2021/09/02,29021
1997,2021/09/03,37655
1998,2021/09/04,31096
1999,2021/09/05,21893
2000,2021/09/06,28865
2001,2021/09/07,27853
2002,2021/09/08,27909
2003,2021/09/09,31098
2004,2021/09/10,27963
2005,2021/09/11,21104
2006,2021/09/12,23123
2007,2021/09/13,25019
2008,2021/09/14,25406
2009,2021/09/15,27473
2010,2021/09/16,26187
2011,2021/09/17,30198
2012,2021/09/18,26790
2013,2021/09/19,28850
2014,2021/09/20,26850
2015,2021/09/21,25071
2016,2021/09/22,19230
2017,2021/09/23,20047
2018,2021/09/24,26675
2019,2021/09/25,23237
2020,2021/09/26,20151
2021,2021/09/27,24254
2022,2021/09/28,23582
2023,2021/09/29,31290
2024,2021/09/30,33421
2025,2021/10/01,26470
2026,2021/10/02,25248
2027,2021/10/03,34828
2028,2021/10/04,24167
2029,2021/10/05,26569
2030,2021/10/06,24948
2031,2021/10/07,23773
2032,2021/10/08,25040
2033,2021/10/09,23473
2034,2021/10/10,24494
2035,2021/10/11,28262
2036,2021/10/12,25610
2037,2021/10/13,28144
2038,2021/10/14,25275
2039,2021/10/15,26085
2040,2021/10/16,25471
2041,2021/10/17,26021
2042,2021/10/18,23548
2043,2021/10/19,26728
2044,2021/10/20,36241
2045,2021/10/21,41609
2046,2021/10/22,34626
2047,2021/10/23,34507
2048,2021/10/24,62007
2049,2021/10/25,48444
2050,2021/10/26,45625
2051,2021/10/27,41943
2052,2021/10/28,38394
2053,2021/10/29,57240
2054,2021/10/30,46003
2055,2021/10/31,39931
2056,2021/11/01,38367
2057,2021/11/02,42327
2058,2021/11/03,47276
2059,2021/11/04,40981
2060,2021/11/05,41318
2061,2021/11/06,33146
2062,2021/11/07,37815
2063,2021/11/08,44826
2064,2021/11/09,57500
2065,2021/11/10,37508
2066,2021/11/11,30537
2067,2021/11/12,33639
2068,2021/11/13,39261
2069,2021/11/14,38886
2070,2021/11/15,35272
2071,2021/11/16,34724
2072,2021/11/17,44126
2073,2021/11/18,39686
2074,2021/11/19,34106
2075,2021/11/20,36876
2076,2021/11/21,39372
2077,2021/11/22,41180
2078,2021/11/23,39724
2079,2021/11/24,34887
2080,2021/11/25,38163
2081,2021/11/26,40065
2082,2021/11/27,31091
2083,2021/11/28,33963
2084,2021/11/29,41575
2085,2021/11/30,45754
2086,2021/12/01,44844
2087,2021/12/02,44400
2088,2021/12/03,40776
2089,2021/12/04,38694
2090,2021/12/05,33185
2091,2021/12/06,35847
2092,2021/12/07,45548
2093,2021/12/08,39969
2094,2021/12/09,36319
2095,2021/12/10,39261
2096,2021/12/11,37783
2097,2021/12/12,36001
2098,2021/12/13,37516
2099,2021/12/14,38018
2100,2021/12/15,34965
2101,2021/12/16,38548
2102,2021/12/17,30501
2103,2021/12/18,39046
2104,2021/12/19,41079
2105,2021/12/20,36078
2106,2021/12/21,34822
2107,2021/12/22,32137
2108,2021/12/23,31907
2109,2021/12/24,39638
2110,2021/12/25,41334
2111,2021/12/26,42335
2112,2021/12/27,38999
2113,2021/12/28,44527
2114,2021/12/29,49433
2115,2021/12/30,40164
2116,2021/12/31,32832
2117,2022/01/01,37667
2118,2022/01/02,45681
2119,2022/01/03,46736
2120,2022/01/04,38057
2121,2022/01/05,43575
2122,2022/01/06,58642
2123,2022/01/07,58591
2124,2022/01/08,49460
2125,2022/01/09,51462
2126,2022/01/10,45707
2127,2022/01/11,46960
2128,2022/01/12,46873
2129,2022/01/13,45455
2130,2022/01/14,47726
2131,2022/01/15,52578
2132,2022/01/16,43243
2133,2022/01/17,49681
2134,2022/01/18,44630
2135,2022/01/19,44660
2136,2022/01/20,49957
2137,2022/01/21,49490
2138,2022/01/22,45765
2139,2022/01/23,40948
2140,2022/01/24,46561
2141,2022/01/25,36814
2142,2022/01/26,43053
2143,2022/01/27,39414
2144,2022/01/28,39624
2145,2022/01/29,37396
2146,2022/01/30,41129
2147,2022/01/31,40648
2148,2022/02/01,38964
2149,2022/02/02,39743
2150,2022/02/03,37948
2151,2022/02/04,47796
2152,2022/02/05,40765
2153,2022/02/06,34877
2154,2022/02/07,48998
2155,2022/02/08,52218
2156,2022/02/09,47141
2157,2022/02/10,42329
2158,2022/02/11,38233
2159,2022/02/12,40379
2160,2022/02/13,38850
2161,2022/02/14,37705
2162,2022/02/15,35337
2163,2022/02/16,45770
2164,2022/02/17,45006
2165,2022/02/18,41294
2166,2022/02/19,46998
2167,2022/02/20,49753
2168,2022/02/21,43084
2169,2022/02/22,44036
2170,2022/02/23,37830
2171,2022/02/24,34526
2172,2022/02/25,34924
2173,2022/02/26,34090
2174,2022/02/27,36975
2175,2022/02/28,38798
2176,2022/03/01,34301
2177,2022/03/02,46161
2178,2022/03/03,31073
2179,2022/03/04,33378
2180,2022/03/05,32296
2181,2022/03/06,28964
2182,2022/03/07,40671
2183,2022/03/08,35826
2184,2022/03/09,40325
2185,2022/03/10,36259
2186,2022/03/11,34919
2187,2022/03/12,30516
2188,2022/03/13,27491
2189,2022/03/14,35069
2190,2022/03/15,61499
2191,2022/03/16,38710
2192,2022/03/17,37160
2193,2022/03/18,39923
2194,2022/03/19,55979
2195,2022/03/20,59433
2196,2022/03/21,68662
2197,2022/03/22,136628
2198,2022/03/23,60366
2199,2022/03/24,52420
2200,2022/03/25,58454
2201,2022/03/26,48921
2202,2022/03/27,53188
2203,2022/03/28,47041
2204,2022/03/29,82920
2205,2022/03/30,68828
2206,2022/03/31,50155
2207,2022/04/01,44681
2208,2022/04/02,40100
2209,2022/04/03,50399
2210,2022/04/04,49755
2211,2022/04/05,49055
2212,2022/04/06,37436
2213,2022/04/07,48947
2214,2022/04/08,44458
2215,2022/04/09,62837
2216,2022/04/10,48246
2217,2022/04/11,41065
2218,2022/04/12,42900
2219,2022/04/13,53138
2220,2022/04/14,62544
2221,2022/04/15,55420
2222,2022/04/16,39280
2223,2022/04/17,44452
2224,2022/04/18,50083
2225,2022/04/19,48479
2226,2022/04/20,85941
2227,2022/04/21,127737
2228,2022/04/22,102203
2229,2022/04/23,54883
2230,2022/04/24,46540
2231,2022/04/25,60010
2232,2022/04/26,37255
2233,2022/04/27,37767
2234,2022/04/28,40665
2235,2022/04/29,43257
2236,2022/04/30,33650
2237,2022/05/01,47350
2238,2022/05/02,35474
2239,2022/05/03,34845
2240,2022/05/04,36422
2241,2022/05/05,40049
2242,2022/05/06,36081
2243,2022/05/07,41122
2244,2022/05/08,42160
2245,2022/05/09,31691
2246,2022/05/10,26356
2247,2022/05/11,28852
2248,2022/05/12,30111
2249,2022/05/13,26368
2250,2022/05/14,25734
2251,2022/05/15,30245
2252,2022/05/16,33501
2253,2022/05/17,30668
2254,2022/05/18,31279
2255,2022/05/19,27817
2256,2022/05/20,29501
2257,2022/05/21,34864
2258,2022/05/22,26526
2259,2022/05/23,39780
2260,2022/05/24,34536
2261,2022/05/25,38351
2262,2022/05/26,26746
2263,2022/05/27,29729
2264,2022/05/28,27089
2265,2022/05/29,27095
2266,2022/05/30,31362
2267,2022/05/31,25690
2268,2022/06/01,25413
2269,2022/06/02,25073
2270,2022/06/03,27140
2271,2022/06/04,23792
2272,2022/06/05,25505
2273,2022/06/06,25837
2274,2022/06/07,27219
2275,2022/06/08,37070
2276,2022/06/09,35385
2277,2022/06/10,31272
2278,2022/06/11,31363
2279,2022/06/12,27991
2280,2022/06/13,41085
2281,2022/06/14,35028
2282,2022/06/15,31277
2283,2022/06/16,26024
2284,2022/06/17,28047
2285,2022/06/18,39550
2286,2022/06/19,29369
2287,2022/06/20,29523
2288,2022/06/21,23561
2289,2022/06/22,23233
2290,2022/06/23,22129
2291,2022/06/24,26536
2292,2022/06/25,22859
2293,2022/06/26,26300
2294,2022/06/27,24950
2295,2022/06/28,30026
2296,2022/06/29,26864
2297,2022/06/30,23590
2298,2022/07/01,20501
2299,2022/07/02,20946
2300,2022/07/03,19721
2301,2022/07/04,28011
2302,2022/07/05,28800
2303,2022/07/06,29128
2304,2022/07/07,23750
2305,2022/07/08,20391
2306,2022/07/09,19231
2307,2022/07/10,30678
2308,2022/07/11,26375
2309,2022/07/12,22389
2310,2022/07/13,17563
2311,2022/07/14,20731
2312,2022/07/15,22268
2313,2022/07/16,28675
2314,2022/07/17,31077
2315,2022/07/18,58552
2316,2022/07/19,40488
2317,2022/07/20,28246
2318,2022/07/21,24264
2319,2022/07/22,26172
2320,2022/07/23,21899
2321,2022/07/24,20572
2322,2022/07/25,24062
2323,2022/07/26,30184
2324,2022/07/27,25137
2325,2022/07/28,28969
2326,2022/07/29,27457
2327,2022/07/30,25700
2328,2022/07/31,26049
2329,2022/08/01,26304
2330,2022/08/02,27832
2331,2022/08/03,27542
2332,2022/08/04,23657
2333,2022/08/05,30011
2334,2022/08/06,28367
2335,2022/08/07,25771
2336,2022/08/08,34977
2337,2022/08/09,35276
2338,2022/08/10,32188
2339,2022/08/11,49276
2340,2022/08/12,35734
2341,2022/08/13,36344
2342,2022/08/14,31119
2343,2022/08/15,31109
2344,2022/08/16,43442
2345,2022/08/17,55089
2346,2022/08/18,33950
2347,2022/08/19,41879
2348,2022/08/20,31093
2349,2022/08/21,30527
2350,2022/08/22,34005
2351,2022/08/23,38439
2352,2022/08/24,46305
2353,2022/08/25,39599
2354,2022/08/26,31875
2355,2022/08/27,30776
2356,2022/08/28,25631
2357,2022/08/29,31995
2358,2022/08/30,29235
2359,2022/08/31,27810
2360,2022/09/01,37958
2361,2022/09/02,37807
2362,2022/09/03,31748
2363,2022/09/04,39477
2364,2022/09/05,37192
2365,2022/09/06,43170
2366,2022/09/07,38942
2367,2022/09/08,34008
2368,2022/09/09,31969
2369,2022/09/10,28459
2370,2022/09/11,32849
2371,2022/09/12,40511
2372,2022/09/13,50773
2373,2022/09/14,61186
2374,2022/09/15,138220
2375,2022/09/16,67049
2376,2022/09/17,40886
2377,2022/09/18,35050
2378,2022/09/19,41664
2379,2022/09/20,54747
2380,2022/09/21,54295
2381,2022/09/22,47008
2382,2022/09/23,32564
2383,2022/09/24,33607
2384,2022/09/25,28399
2385,2022/09/26,26939
2386,2022/09/27,26844
2387,2022/09/28,29191
2388,2022/09/29,27472
2389,2022/09/30,37592
2390,2022/10/01,61628
2391,2022/10/02,34379
2392,2022/10/03,28510
2393,2022/10/04,27247
2394,2022/10/05,26251
2395,2022/10/06,26997
2396,2022/10/07,32209
2397,2022/10/08,27253
2398,2022/10/09,26945
2399,2022/10/10,30869
2400,2022/10/11,34589
2401,2022/10/12,38296
2402,2022/10/13,38887
2403,2022/10/14,28436
2404,2022/10/15,26827
2405,2022/10/16,25862
2406,2022/10/17,26639
2407,2022/10/18,23835
2408,2022/10/19,24196
2409,2022/10/20,26456
2410,2022/10/21,28013
2411,2022/10/22,28298
2412,2022/10/23,22961
2413,2022/10/24,27934
2414,2022/10/25,34358
2415,2022/10/26,null
2416,2022/10/27,49863
2417,2022/10/28,30857
2418,2022/10/29,25035
2419,2022/10/30,20809
2420,2022/10/31,24844
2421,2022/11/01,30770
2422,2022/11/02,30168
2423,2022/11/03,26305
2424,2022/11/04,33976
2425,2022/11/05,22915
2426,2022/11/06,19204
2427,2022/11/07,23390
2428,2022/11/08,23761
2429,2022/11/09,27723
2430,2022/11/10,20518
2431,2022/11/11,21232
2432,2022/11/12,15396
2433,2022/11/13,15002
2434,2022/11/14,34687
2435,2022/11/15,24509
2436,2022/11/16,20597
2437,2022/11/17,23200
2438,2022/11/18,22768
2439,2022/11/19,27337
2440,2022/11/20,22496
2441,2022/11/21,25702
2442,2022/11/22,26388
2443,2022/11/23,24893
2444,2022/11/24,31152
2445,2022/11/25,28556
2446,2022/11/26,25071
2447,2022/11/27,24942
2448,2022/11/28,22484
2449,2022/11/29,22355
2450,2022/11/30,20850
2451,2022/12/01,20523
2452,2022/12/02,18135
2453,2022/12/03,18951
2454,2022/12/04,19324
2455,2022/12/05,22724
2456,2022/12/06,19086
2457,2022/12/07,19152
2458,2022/12/08,21482
2459,2022/12/09,21435
2460,2022/12/10,24827
2461,2022/12/11,19777
2462,2022/12/12,21615
2463,2022/12/13,21382
2464,2022/12/14,38986
2465,2022/12/15,25956
2466,2022/12/16,22844
2467,2022/12/17,17004
2468,2022/12/18,17599
2469,2022/12/19,25034
2470,2022/12/20,25568
2471,2022/12/21,23674
2472,2022/12/22,20495
2473,2022/12/23,21436
2474,2022/12/24,17434
2475,2022/12/25,16056
2476,2022/12/26,6382
